quote,author,source_url
Philosophy … consists chiefly in suggesting unintelligible answers to insoluble problems.,Philosopher,https://en.wikiquote.org/wiki/Philosopher
"Philosophy that satisfies its own intention, and does not childishly skip behind its own history and the real one, has its lifeblood in the resistance against the common practices of today and what they serve, against the justification of what happens to be the case.",Philosopher,https://en.wikiquote.org/wiki/Philosopher
"If philosophy is still necessary, it is so only in the way it has been from time immemorial: as critique, as resistance to the expanding heteronomy, even if only as thought’s powerless attempt to remain its own master and to convict of untruth, by their own criteria, both a fabricated mythology and a conniving, resigned acquiescence.",Philosopher,https://en.wikiquote.org/wiki/Philosopher
"As solid citizens, philosophers ally themselves in practice with the powers they condemn in theory.",Philosopher,https://en.wikiquote.org/wiki/Philosopher
"Like every ' intellectual ', a philosophy teacher is a petty bourgeois . When he opens his mouth, it is petty-bourgeois ideology that speaks: its resources and ruses are infinite.",Philosopher,https://en.wikiquote.org/wiki/Philosopher
"An art , which has an aim to achieve the beauty , is called a philosophy or in the absolute sense it is named wisdom .",Philosopher,https://en.wikiquote.org/wiki/Philosopher
Philosophy is questions that may never be answered. Religion is answers that may never be questioned.,Philosopher,https://en.wikiquote.org/wiki/Philosopher
You cannot be a philosopher. You cannot be one because you are a believer. A Catholic cannot be a philosopher'. So said Ugo Spirito to me one day. And this was the claim of most of the most influential philosophical movements of the century just ended. It was the presumption of those idealists for whom philosophy had among its tasks that of bringing to rational awareness contents embedded in “religious myths”.,Philosopher,https://en.wikiquote.org/wiki/Philosopher
"Dario Antiseri , Cristiano perché relativista, relativista perché cristiano. Per un razionalismo della contingenza , Rubbettino Editore, Soveria Mannelli, 2003",Philosopher,https://en.wikiquote.org/wiki/Philosopher
"If … the ability to tell right from wrong should turn out to have anything to do with the ability to think, then we must be able to ""demand"" its exercise from every sane person, no matter how erudite or ignorant, intelligent or stupid, he may happen to be. Kant —in this respect almost alone among the philosophers—was much bothered by the common opinion that philosophy is only for the few, precisely because of its moral implications.",Philosopher,https://en.wikiquote.org/wiki/Philosopher
"‘He is the best of all who thinks for himself in all things. He, too, is good who takes advice from a wiser (person). But he who neither thinks for himself, nor lays to heart another's wisdom, this is a useless man.’",Philosopher,https://en.wikiquote.org/wiki/Philosopher
"Individual science fiction stories may seem as trivial as ever to the blinder critics and philosophers of today — but the core of science fiction , its essence, the concept around which it revolves, has become crucial to our salvation if we are to be saved at all.",Philosopher,https://en.wikiquote.org/wiki/Philosopher
"The philosopher as an analyst is not concerned with the physical properties of things, but only with the way in which we speak about them.",Philosopher,https://en.wikiquote.org/wiki/Philosopher
The philosopher is not someone who has thought instead of us but rather someone who makes us think.,Philosopher,https://en.wikiquote.org/wiki/Philosopher
A little philosophy inclineth man’s mind to atheism; but depth in philosophy bringeth men’s minds about to religion.,Philosopher,https://en.wikiquote.org/wiki/Philosopher
"Philosophy only is the true one which reproduces most faithfully the statements of nature , and is written down, as it were, from nature's dictation, so that it is nothing but a copy and a reflection of nature, and adds nothing of its own, but is merely a repetition and echo.",Philosopher,https://en.wikiquote.org/wiki/Philosopher
"Philosophy, being nothing but the study of wisdom and truth...",Philosopher,https://en.wikiquote.org/wiki/Philosopher
"Philosophy , n . A route of many roads leading from nowhere to nothing.",Philosopher,https://en.wikiquote.org/wiki/Philosopher
"The philosopher wants to know things as they are. He loves the truth. That is an intellectual virtue. He does not love to tell the truth. That is a moral virtue. Presumably he would prefer not to practice deception; but if it is a condition of his survival, he has no objection to it. The hopes of changing mankind almost always end up in changing not mankind but one’s thought.",Philosopher,https://en.wikiquote.org/wiki/Philosopher
"Art shows how it loves, philosophy what it loves; mysticism knows only that it loves.",Philosopher,https://en.wikiquote.org/wiki/Philosopher
"Believe nothing, O monks, merely because you have been told it … or because it is traditional, or because you yourselves have imagined it. Do not believe what your teacher tells you merely out of respect for the teacher. But whatsoever, after due examination and analysis, you find to be conducive to the good, the benefit, the welfare of all beings—that doctrine believe and cling to, and take it as your guide .",Philosopher,https://en.wikiquote.org/wiki/Philosopher
"Sublime Philosophy! Thou art the patriarch’s ladder, reaching heaven; And bright with beckoning angels—but alas! We see thee, like the patriarch, but in dreams, By the first step, dull slumbering on the earth.",Philosopher,https://en.wikiquote.org/wiki/Philosopher
"Beside, he was a shrewd philosopher, And had read ev’ry text and gloss over Whate’er the crabbed’st author hath, He understood b’ implicit faith.",Philosopher,https://en.wikiquote.org/wiki/Philosopher
"Before Philosophy can teach by Experience , the Philosophy has to be in readiness, the Experience must be gathered and intelligibly recorded.",Philosopher,https://en.wikiquote.org/wiki/Philosopher
"Judging whether life is or is not worth living amounts to answering the fundamental question of philosophy . All the rest — whether or not the world has three dimensions, whether the mind has nine or twelve categories — comes afterward. These are games; one must first answer.",Philosopher,https://en.wikiquote.org/wiki/Philosopher
"In Hindustan , as in England , there are doctrines for the learned, and dogmas for the unlearned; strong meat for men & milk for babes; facts for the few, & fictions for the many, realities for the wise, and romances for the simple; esoteric truth for the philosopher, & exoteric fable for the fool.",Philosopher,https://en.wikiquote.org/wiki/Philosopher
"O vitæ philosophia dux! O virtutis indagatrix, expultrixque vitiorum! Quid non modo nos, sed omnino vita hominum sine et esse potuisset? Tu urbes peperisti; tu dissipatos homines in societatum vitæ convocasti.",Philosopher,https://en.wikiquote.org/wiki/Philosopher
"The name philosopher , which meant originally 'lover of wisdom,' has come in some strange way to mean a man who thinks it is his business to explain everything in a certain number of large books. It will be found, I think, that in proportion to his colossal ignorance is the perfection and symmetry of the system which he sets up; because it is so much easier to put an empty room tidy than a full one.",Philosopher,https://en.wikiquote.org/wiki/Philosopher
"In philosophy equally as in poetry it is the highest and most useful prerogative of genius to produce the strongest impressions of novelty, while it rescues admitted truths from the neglect caused by the very circumstance of their universal admission.",Philosopher,https://en.wikiquote.org/wiki/Philosopher
There exists a definite misunderstanding between scientists and philosophers; a misunderstanding which might easily have been avoided had philosophers possessed a proper realisation of their inevitable limitations when discussing scientific matters.,Philosopher,https://en.wikiquote.org/wiki/Philosopher
The first step towards philosophy is incredulity.,Philosopher,https://en.wikiquote.org/wiki/Philosopher
The Beginning of Philosophy is a Consciousness of your own Weakness and inability in necessary things.,Philosopher,https://en.wikiquote.org/wiki/Philosopher
"Luxurious food and drinks , in no way protect you from harm. Wealth beyond what is natural, is no more use than an overflowing container. Real value is not generated by theaters , and baths, perfumes or ointments, but by philosophy .",Philosopher,https://en.wikiquote.org/wiki/Philosopher
"Philosophy instructs us to pay homage to the gods , not through hope or fear , but from veneration of Their superior nature. It moreover enables us to conquer the fear of death , by teaching us that it is no proper object of terror ; since, whilst we are, death is not, and when death arrives, we are not: so that it neither concerns the living nor the dead.",Philosopher,https://en.wikiquote.org/wiki/Philosopher
"When I arrived at college , I immediately took philosophy... Nothing was ever answered. I decided that ""Why"" questions are simply too deep to be answered with a frontal attack, using the sloppy weapon of human language .",Philosopher,https://en.wikiquote.org/wiki/Philosopher
"To theology, … only what it holds sacred is true, whereas to philosophy, only what holds true is sacred.",Philosopher,https://en.wikiquote.org/wiki/Philosopher
"Every other art,—as poetry , music , painting ,—may be practised without the process showing forth the rules according to which it is conducted;—but in the self-cognizant art of the philosopher, no step can be taken without declaring the grounds upon which it proceeds.",Philosopher,https://en.wikiquote.org/wiki/Philosopher
"Philosophy goes no further than probabilities, and in every assertion keeps a doubt in reserve.",Philosopher,https://en.wikiquote.org/wiki/Philosopher
A cleric who loses his faith abandons his calling; a philosopher who loses his redefines his subject.,Philosopher,https://en.wikiquote.org/wiki/Philosopher
"Philosophy is explicitness, generality, orientation and assessment. That of which one would insinuate, thereof one must speak.",Philosopher,https://en.wikiquote.org/wiki/Philosopher
Philosophy always buries its undertakers.,Philosopher,https://en.wikiquote.org/wiki/Philosopher
"This same philosophy is a good horse in the stable, but an arrant jade on a journey.",Philosopher,https://en.wikiquote.org/wiki/Philosopher
"The true philosophy is rhetoric , and the true rhetoric is philosophy, a philosophy which does not need an “external” rhetoric to convince, and a rhetoric that does not need an “external” content of verity.",Philosopher,https://en.wikiquote.org/wiki/Philosopher
"Ancient philosophy proposed to mankind an art of living. By contrast, modern philosophy appears above all as the construction of a technical jargon reserved for specialists.",Philosopher,https://en.wikiquote.org/wiki/Philosopher
"A thirsty ambition for truth and virtue, and a frenzy to conquer all lies and vices which are not recognized as such nor desire to be; herein consists the heroic spirit of the philosopher.",Philosopher,https://en.wikiquote.org/wiki/Philosopher
"""'You only think you are barnpots,' shouted angry farmers from the meadows. 'Shut that row up! You're frightening the chickens, you lot and your bloody philosophy. You can't eat philosophy can you? Where would you be if us farmers went round spouting statements like that, eh? Dead, that's where you'd be! Because there'd be naff all to eat!""",Philosopher,https://en.wikiquote.org/wiki/Philosopher
"Philosophy is not the owl of Minerva that takes flight after history has been realized in order to celebrate its happy ending; rather, philosophy is subjective proposition, desire, and praxis that are applied to the event.",Philosopher,https://en.wikiquote.org/wiki/Philosopher
Philosophy is that which grasps its own era in thought.,Philosopher,https://en.wikiquote.org/wiki/Philosopher
Making itself intelligible is suicide for philosophy.,Philosopher,https://en.wikiquote.org/wiki/Philosopher
"In many places, above all in the Anglo-Saxon countries, logistics is today considered the only possible form of strict philosophy, because its result and procedures yield an assured profit for the construction of the technological universe. In America and elsewhere, logistics as the only proper philosophy of the future is thus beginning today to seize power over the intellectual world.",Philosopher,https://en.wikiquote.org/wiki/Philosopher
"Philosophy begins where religion ends, just as by analogy chemistry begins where alchemy runs out, and astronomy takes the place of astrology .",Philosopher,https://en.wikiquote.org/wiki/Philosopher
"I found a certain Boldness of Temper, growing in me, which was not enclin'd to submit to any Authority in these Subjects, but led me to seek out some new Medium, by which Truth might be establisht. After much Study, & Reflection on this, at last, when I was about 18 Years of Age, there seem'd to be open'd up to me a new Scene of Thought, which transported me beyond Measure, & made me, with an Ardor natural to young men, throw up every other Pleasure or Business to apply entirely to it.",Philosopher,https://en.wikiquote.org/wiki/Philosopher
"Pretend what we may, the whole man within us is at work when we form our philosophical opinions . Intellect , will , taste , and passion co-operate just as they do in practical affairs; and lucky it is if the passion be not something as petty as a love of personal conquest over the philosopher across the way.",Philosopher,https://en.wikiquote.org/wiki/Philosopher
"The Greek word for philosopher ( philosophos ) connotes a distinction from sophos . It signifies the lover of wisdom (knowledge) as distinguished from him who considers himself wise in the possession of knowledge. This meaning of the word still endures: the essence of philosophy is not the possession of the truth but the search for truth. … Philosophy means to be on the way. Its questions are more essential than its answers, and every answer becomes a new question.",Philosopher,https://en.wikiquote.org/wiki/Philosopher
To philosophise is to learn to die – philosophising is a soaring up to the Godhead – the knowledge of Being as Being.,Philosopher,https://en.wikiquote.org/wiki/Philosopher
"Physics and philosophy are at most a few thousand years old, but probably have lives of thousands of millions of years stretching away in front of them.  They are only just beginning to get under way.",Philosopher,https://en.wikiquote.org/wiki/Philosopher
"Born and nurtured when the human being first asked questions about the reason for things and their purpose, philosophy shows in different modes and forms that the desire for truth is part of human nature itself.",Philosopher,https://en.wikiquote.org/wiki/Philosopher
the human being is by nature a philosopher,Philosopher,https://en.wikiquote.org/wiki/Philosopher
"philosophy must obey its own rules and be based upon its own principles; truth , however, can only be one.",Philosopher,https://en.wikiquote.org/wiki/Philosopher
Too much philosophy makes men mad.,Philosopher,https://en.wikiquote.org/wiki/Philosopher
"If it does not upset, it is not philosophy.",Philosopher,https://en.wikiquote.org/wiki/Philosopher
"Much can be left unstated. But if nothing is discredited, it is not philosophy.",Philosopher,https://en.wikiquote.org/wiki/Philosopher
"Philosophy is life's dry-nurse, who can take care of us -- but not suckle us.",Philosopher,https://en.wikiquote.org/wiki/Philosopher
"It is perfectly true, as the philosophers say, that life must be understood backwards. But they forget the other proposition, that it must be lived forwards.",Philosopher,https://en.wikiquote.org/wiki/Philosopher
"If philosophy among other vagaries were also to have the notion that it could occur to a man to act in accordance with its teaching, one might make out of that a queer comedy.",Philosopher,https://en.wikiquote.org/wiki/Philosopher
"Philosophy is any culture’s pole of maximum abstraction , or intrinsically experimental intelligence, expressing the liberation of cognitive capabilities from immediate practical application, and their testing against ‘ultimate’ problems at the horizon of understanding.",Philosopher,https://en.wikiquote.org/wiki/Philosopher
"Philosophy, like charity, begins at home ; but also, like charity, I should wish it to extend, and become the more beneficial the more it expands.",Philosopher,https://en.wikiquote.org/wiki/Philosopher
Philosophy is the misuse of a terminology which was invented for just this purpose.,Philosopher,https://en.wikiquote.org/wiki/Philosopher
"We often have need of a profound philosophy to restore to our feelings their original state of innocence , to find our way out of the rubble of things alien to us, to begin to feel for ourselves and to speak ourselves, and I might almost say to exist ourselves. Even if my philosophy does not extend to discovering anything new, it does nevertheless possess the courage to regard as questionable what has long been thought true.",Philosopher,https://en.wikiquote.org/wiki/Philosopher
Do not commence your exercises in philosophy in those regions where an error can deliver you over to the executioner.,Philosopher,https://en.wikiquote.org/wiki/Philosopher
"Regard for the true endeavor of philosophy, that of guiding into one common stream the many rills of knowledge, will not be found wanting in my work, although it takes a determined stand against the encroachments of metaphysical methods.",Philosopher,https://en.wikiquote.org/wiki/Philosopher
"You feared the force of custom , the ascendancy of authority , the illusions of the imagination . None of these things are left; there are no more customs, there are no more masters, each man's mind is his own. Philosophy having corroded the cement that united men, there are no longer any moral bonds.",Philosopher,https://en.wikiquote.org/wiki/Philosopher
"The philosopher … subjects experience to his critical judgment , and this contains a value judgment —namely, that freedom from toil is preferable to toil, and an intelligent life is preferable to a stupid life. It so happened that philosophy was born with these values. Scientific thought had to break this union of value judgment and analysis, for it became increasingly clear that the philosophic values did not guide the organisation of society.",Philosopher,https://en.wikiquote.org/wiki/Philosopher
"Philosophy is the science by which the natural light of reason studies the first causes or highest principles of all things – is, in other words, the science of things in their first causes, in so far as these belong to the natural order.",Philosopher,https://en.wikiquote.org/wiki/Philosopher
Half of good philosophy is good grammar.,Philosopher,https://en.wikiquote.org/wiki/Philosopher
Philosophy is an interpretation of the world in order to change it.,Philosopher,https://en.wikiquote.org/wiki/Philosopher
"Die Philosophen haben die Welt nur verschieden interpretiert; es kommt aber darauf an, sie zu verändern.",Philosopher,https://en.wikiquote.org/wiki/Philosopher
Philosophy stands in the same relation to the study of the actual world as masturbation to sexual love .,Philosopher,https://en.wikiquote.org/wiki/Philosopher
"Theology is to-day recognised to be the instrument of myth , philosophy to be the instrument of science .",Philosopher,https://en.wikiquote.org/wiki/Philosopher
"What makes a philosopher is the movement which leads back without ceasing from knowledge to ignorance, from ignorance to knowledge, and a kind of rest in this movement.",Philosopher,https://en.wikiquote.org/wiki/Philosopher
"Theology recognizes the contingency of human existence only to derive it from a necessary being, that is, to remove it. Theology makes use of philosophical wonder only for the purpose of motivating an affirmation which ends it. Philosophy, on the other hand, arouses us to what is problematic in our own existence and in that of the world, to such a point that we shall never be cured of searching for a solution.",Philosopher,https://en.wikiquote.org/wiki/Philosopher
"How charming is divine philosophy! Not harsh, and crabbed, as dull fools suppose, But musical as is Apollo ’s lute, And a perpetual feast of nectar’d sweets, Where no crude surfeit reigns.",Philosopher,https://en.wikiquote.org/wiki/Philosopher
"That stone, Philosophers in vain so long have sought.",Philosopher,https://en.wikiquote.org/wiki/Philosopher
Learning philosophy is learning a particular kind of intuitive understanding.,Philosopher,https://en.wikiquote.org/wiki/Philosopher
"Jetzt wage ich es, der Weisheit selber nachzugehen und selber Philosoph zu sein; früher verehrte ich die Philosophen.",Philosopher,https://en.wikiquote.org/wiki/Philosopher
"Where there have been powerful governments , societies , religions , public opinions , in short wherever there has been tyranny , there the solitary philosopher has been hated; for philosophy offers an asylum to a man into which no tyranny can force it way, the inward cave, the labyrinth of the heart .",Philosopher,https://en.wikiquote.org/wiki/Philosopher
To grasp the limits of reason – only this is truly philosophy.,Philosopher,https://en.wikiquote.org/wiki/Philosopher
"What does a philosopher demand of himself, first and last? To overcome his time in himself, to become “timeless.”",Philosopher,https://en.wikiquote.org/wiki/Philosopher
"Science rushes headlong, without selectivity, without “taste,” at whatever is knowable, in the blind desire to know all at any cost. Philosophical thinking, on the other hand, is ever on the scent of those things which are most worth knowing, the great and the important insights.",Philosopher,https://en.wikiquote.org/wiki/Philosopher
"The philosopher must be above all a free man, and not a slave of the passions .",Philosopher,https://en.wikiquote.org/wiki/Philosopher
"The possibility of all philosophy ... namely, that the intelligence , by affecting itself, gives itself a movement in accordance with its own law —that is, gives itself a form of activity all its own.",Philosopher,https://en.wikiquote.org/wiki/Philosopher
"Philosophy can bake no bread; but she can procure for us God , Freedom , Immortality. Which, then, is more practical, Philosophy or Economy ?",Philosopher,https://en.wikiquote.org/wiki/Philosopher
Se moquer de la philosophie c’est vraiment philosophe.,Philosopher,https://en.wikiquote.org/wiki/Philosopher
"Philosophia non sapientiam, sed amorem sapientie pollicetur .",Philosopher,https://en.wikiquote.org/wiki/Philosopher
"Modo verus amor sit et vera quam ames sapientia, philosophus verus eris .",Philosopher,https://en.wikiquote.org/wiki/Philosopher
"I address all these complaints ... against the philosophers who believe and assert that philosophy should not be pursued because no monetary value or reward is assigned it, unmindful that by this sign they disqualify themselves as philosophers. Since their whole life is concentrated on gain and ambition, they never embrace the knowledge of the truth for its own sake.",Philosopher,https://en.wikiquote.org/wiki/Philosopher
"I have never philosophized save for the sake of philosophy, nor have I ever desired or hoped to secure from my studies and my laborious researches any profit or fruit save cultivation of mind and knowledge of the truth.",Philosopher,https://en.wikiquote.org/wiki/Philosopher
Philosophy is the acquisition of knowledge.,Philosopher,https://en.wikiquote.org/wiki/Philosopher
"Wonder is the feeling of a philosopher, and philosophy begins in wonder.",Philosopher,https://en.wikiquote.org/wiki/Philosopher
The permanent mental attitude which the sensitive intelligence derives from philosophy is an attitude that combines extreme reverence with limitless skepticism.,Philosopher,https://en.wikiquote.org/wiki/Philosopher
"In the realm of philosophy, ... it is extraordinary how much weight is attached to fashion in a province where the mind ought to be free and independent, anxious only to arrive at the truth, and bowing to the authority of none but proved masters.",Philosopher,https://en.wikiquote.org/wiki/Philosopher
"Well, for me, it's clarification of the nature of the world, the nature of reality. I seek the same satisfaction that one looks for in science in general, in theoretical science.",Philosopher,https://en.wikiquote.org/wiki/Philosopher
"Philosophy is not to relieve one of decisions, but to confront him with decisions. It is to make life not easy but, on the contrary, problematical.",Philosopher,https://en.wikiquote.org/wiki/Philosopher
"[On the teaching of philosophy in secondary schools] In France and Spain, where it has been almost eliminated from secondary schools, they have regretted it. In Germany, there is no possibility of an intermediate level of knowledge. A philosopher like Gadamer is much better understood in Italy than in Germany. He once told me that when he came here he felt like he was in a sanctuary: all those young people who came to hear him had tools of understanding that no other country had.",Philosopher,https://en.wikiquote.org/wiki/Philosopher
Philosophy seems to me on the whole a rather hopeless business.,Philosopher,https://en.wikiquote.org/wiki/Philosopher
"Philosophy, if it cannot answer so many questions as we could wish, has at least the power of asking questions which increase the interest of the world, and show the strangeness and wonder lying just below the surface even in the commonest things of daily life.",Philosopher,https://en.wikiquote.org/wiki/Philosopher
"The point of philosophy is to start with something so simple as not to seem worth stating, and to end with something so paradoxical that no one will believe it.",Philosopher,https://en.wikiquote.org/wiki/Philosopher
When people begin to philosophize they seem to think it necessary to make themselves artificially stupid.,Philosopher,https://en.wikiquote.org/wiki/Philosopher
"Science is what we know, and philosophy is what we don't know.",Philosopher,https://en.wikiquote.org/wiki/Philosopher
"Philosophers, for the most part, are constitutionally timid, and dislike the unexpected. Few of them would be genuinely happy as pirates or burglars.",Philosopher,https://en.wikiquote.org/wiki/Philosopher
Philosophy makes progress not by becoming more rigorous but by becoming more imaginative.,Philosopher,https://en.wikiquote.org/wiki/Philosopher
"The philosopher places himself at the summit of thought; from there he views what the world has been and what it must become. He is not just an observer, he is an actor; he is an actor of the highest kind in a moral world because it is his opinion of what the world must become that regulates society.",Philosopher,https://en.wikiquote.org/wiki/Philosopher
"Professional philosophers are usually only apologists: that is, they are absorbed in defending some vested illusion or some eloquent idea. Like lawyers or detectives, they study the case for which they are retained.",Philosopher,https://en.wikiquote.org/wiki/Philosopher
"Expect nothing more from philosophy than a voice, language and grammar of the instinct for Godliness that lies at its origin, and, essentially, is philosophy itself.",Philosopher,https://en.wikiquote.org/wiki/Philosopher
Über keinen Gegenstand philosophieren sie seltner als über die Philosophie.,Philosopher,https://en.wikiquote.org/wiki/Philosopher
"Philosophy always begins in the middle, like an epic poem.",Philosopher,https://en.wikiquote.org/wiki/Philosopher
"Whoever does not philosophize for the sake of philosophy, but rather uses philosophy as a means, is a sophist .",Philosopher,https://en.wikiquote.org/wiki/Philosopher
"A man becomes a philosopher by reason of a certain perplexity, from which he seeks to free himself.",Philosopher,https://en.wikiquote.org/wiki/Philosopher
"The philosophical author is the leader, his reader the wanderer. If they are to arrive together, they must above all start out together; in other words, the author must take up his reader at a standpoint which they undoubtedly have in common. This, however, can be none other than that of empirical consciousness that is common to us all. Let him, therefore, take him firmly by the hand and see how high above the clouds he can reach, step by step on the mountain path.",Philosopher,https://en.wikiquote.org/wiki/Philosopher
"To repeat abstractly, universally, and distinctly in concepts the whole inner nature of the world , and thus to deposit it as a reflected image in permanent concepts always ready for the faculty of reason , this and nothing else is philosophy.",Philosopher,https://en.wikiquote.org/wiki/Philosopher
"It is the courage to make a clean breast of it in the face of every question that makes the philosopher. He must be like Sophocles’ Oedipus , who, seeking enlightenment concerning his terrible fate , pursues his indefatigable inquiry even though he divines that appalling horror awaits him in the answer. But most of us carry with us the Jocasta in our hearts, who begs Oedipus , for God’s sake, not to inquire further.",Philosopher,https://en.wikiquote.org/wiki/Philosopher
Philosophy is nothing but Discretion.,Philosopher,https://en.wikiquote.org/wiki/Philosopher
"There are more things in heaven and earth, Horatio, Than are dreamt of in your philosophy.",Philosopher,https://en.wikiquote.org/wiki/Philosopher
"Adversity ’s sweet milk, philosophy.",Philosopher,https://en.wikiquote.org/wiki/Philosopher
"Lear : I'll talk a word with this same learned Theban. What is your study? Edgar : How to prevent the fiend, and to kill vermin.",Philosopher,https://en.wikiquote.org/wiki/Philosopher
The philosopher is Nature’s pilot. And there you have our difference: to be in hell is to drift: to be in heaven is to steer.,Philosopher,https://en.wikiquote.org/wiki/Philosopher
It was pretty cool to know that someone else was wondering about all the shit I was wondering about even two thousand years ago—even though it made me a bit sad to realize that meant nobody had figured anything out in all of that time.,Philosopher,https://en.wikiquote.org/wiki/Philosopher
It is as absurd to expect members of philosophy departments to be philosophers as it is to expect members of art departments to be artists .,Philosopher,https://en.wikiquote.org/wiki/Philosopher
"Men are constantly attracted and deluded by two opposite charms: the charm of competence which is engendered by mathematics and everything akin to mathematics, and the charm of humble awe , which is engendered by meditation on the human soul and its experiences. Philosophy is characterized by the gentle, if firm, refusal to succumb to either charm.",Philosopher,https://en.wikiquote.org/wiki/Philosopher
"This is not philosophy, this is reality. Will you please keep in mind what’s going on!",Philosopher,https://en.wikiquote.org/wiki/Philosopher
"A philosopher who had made philosophy his speciality, who had first murdered his humanity and then buried it in his philosophy, …",Philosopher,https://en.wikiquote.org/wiki/Philosopher
"Philosophy in the strong, classical sense shares with religion the object, truth, the Absolute in and of itself, and is therefore properly a stripping away, a removal of everything that is relative and accidental , in order to get to the essential. This concerns first and foremost ourselves, according to the precept of the Delphic Apollo: ‘ Know thyself ’. It is the ‘sculpting of one's own statue’ that Plotinus speaks of, removing the marble that covers it and prevents it from coming to light",Philosopher,https://en.wikiquote.org/wiki/Philosopher
La clarté est la bonne foi des philosophes.,Philosopher,https://en.wikiquote.org/wiki/Philosopher
"Contemporary philosophy illustrates Hegel’s dictum that philosophy is its own time apprehended in thought, for in our age philosophy yields to the objectifying technical impulse and loses its ancient task of pursuing the Socratic ideal of the wisdom of the examined life.",Philosopher,https://en.wikiquote.org/wiki/Philosopher
"Philosophy is an activity: it is a way of thinking about certain sorts of question . Its most distinctive feature is its use of logical argument. Philosophers typically deal in arguments: they either invent them, criticize other people’s, or do both. They also analyse and clarify concepts.",Philosopher,https://en.wikiquote.org/wiki/Philosopher
Shouldn't I join the ranks of philosophers and merely make unsubstantiated claims about the wonders of human consciousness ? Shouldn't I stop trying to do some science and keep my head down? Indeed not.,Philosopher,https://en.wikiquote.org/wiki/Philosopher
"I feel that we are all philosophers, and that those who describe themselves as a philosopher simply do not have a day job to go to.",Philosopher,https://en.wikiquote.org/wiki/Philosopher
"When we affirm that philosophy begins with wonder , we are affirming in effect that sentiment is prior to reason .",Philosopher,https://en.wikiquote.org/wiki/Philosopher
"Philosophy aims at the logical clarification of thoughts. Philosophy is not a body of doctrine but an activity. A philosophical work consists essentially of elucidations. Philosophy does not result in 'philosophical propositions', but rather in the clarification of propositions. Without philosophy thoughts are, as it were, cloudy and indistinct: its task is to make them clear and to give them sharp boundaries. (4.112)",Philosopher,https://en.wikiquote.org/wiki/Philosopher
"Philosophical problems can be compared to locks on safes, which can be opened by dialing a certain word or number, so that no force can open the door until just this word has been hit upon, and once it is hit upon any child can open it. Ch. 9 : Philosophy, p. 175",Philosopher,https://en.wikiquote.org/wiki/Philosopher
"People are deeply imbedded in philosophical, i.e., grammatical confusions. And to free them presupposes pulling them out of the immensely manifold connections they are caught up in. Ch. 9 : Philosophy, p. 185",Philosopher,https://en.wikiquote.org/wiki/Philosopher
"The real discovery is the one which enables me to stop doing philosophy when I want to. The one that gives philosophy peace, so that it is no longer tormented by questions which bring itself into question.",Philosopher,https://en.wikiquote.org/wiki/Philosopher
In philosophy the race is to the one who can run slowest—the one who crosses the finish line last.,Philosopher,https://en.wikiquote.org/wiki/Philosopher
"Philosophy hasn’t made any progress ?—If someone scratches where it itches, do we have to see progress? Is it not genuine scratching otherwise, or genuine itching?",Philosopher,https://en.wikiquote.org/wiki/Philosopher
"The bosom-weight, your stubborn gift, That no philosophy can lift.",Philosopher,https://en.wikiquote.org/wiki/Philosopher
"Why should not grave Philosophy be styled? Herself, a dreamer of a kindred stock, A dreamer, yet more spiritless and dull?",Philosopher,https://en.wikiquote.org/wiki/Philosopher
"When we see a woman bartering beauty for gold , we look upon such a one as no other than a common prostitute ; but she who rewards the passion of some worthy youth with it, gains at the same time our approbation and esteem. It is the very same with philosophy: he who sets it forth for public sale, to be disposed of to the highest bidder, is a sophist, a public prostitute.",Philosopher,https://en.wikiquote.org/wiki/Philosopher
"What characterizes philosophy is this ""step back"" from actuality into possibility — the attitude best rendered by Adorno 's and Horkheimer 's motto quoted by Fredric Jameson : ""Not Italy itself is given here, but the proof that it exists.""",Philosopher,https://en.wikiquote.org/wiki/Philosopher
"Operating Manual for Spaceship Earth , by Buckminster Fuller, (1969)",Philosopher,https://en.wikiquote.org/wiki/Philosopher
"The world is like a Mask dancing. If you want to see it well, you do not stand in one place.",Chinua Achebe,https://en.wikiquote.org/wiki/Chinua_Achebe
One of the truest tests of integrity is its blunt refusal to be compromised.,Chinua Achebe,https://en.wikiquote.org/wiki/Chinua_Achebe
"When suffering knocks at your door and you say there is no seat for him, he tells you not to worry because he has brought his own stool.",Chinua Achebe,https://en.wikiquote.org/wiki/Chinua_Achebe
"Age was respected among his people, but achievement was revered. As the elders said, if a child washed his hands he could eat with kings.",Chinua Achebe,https://en.wikiquote.org/wiki/Chinua_Achebe
"Among the Igbo the art of conversation is regarded very highly, and proverbs are the palm-oil with which words are eaten.",Chinua Achebe,https://en.wikiquote.org/wiki/Chinua_Achebe
"Until the lions have their own historians, the history of the hunt will always glorify the hunter.",Chinua Achebe,https://en.wikiquote.org/wiki/Chinua_Achebe
"Privilege, you see, is one of the great adversaries of the imagination; it spreads a thick layer of adipose tissue over our sensitivity.",Chinua Achebe,https://en.wikiquote.org/wiki/Chinua_Achebe
I have learned that a man who makes trouble for others makes trouble for himself.,Chinua Achebe,https://en.wikiquote.org/wiki/Chinua_Achebe
The impatient idealist says: ‘Give me a place to stand and I shall move the earth.’ But such a place does not exist. We all have to stand on the earth itself and go with her at her pace.,Chinua Achebe,https://en.wikiquote.org/wiki/Chinua_Achebe
"It is the storyteller who makes us what we are, who creates history. The storyteller creates the memory that the survivors must have – otherwise their surviving would have no meaning.",Chinua Achebe,https://en.wikiquote.org/wiki/Chinua_Achebe
"There is a moral obligation, I think, not to ally oneself with power against the powerless.",Chinua Achebe,https://en.wikiquote.org/wiki/Chinua_Achebe
"If you don't like someone's story, write your own. [1]",Chinua Achebe,https://en.wikiquote.org/wiki/Chinua_Achebe
found a girl who will suit [him] admirably,Chinua Achebe,https://en.wikiquote.org/wiki/Chinua_Achebe
it is impossible for [him] to marry Nweke’s daughter,Chinua Achebe,https://en.wikiquote.org/wiki/Chinua_Achebe
deeply affected by his father’s grief,Chinua Achebe,https://en.wikiquote.org/wiki/Chinua_Achebe
that women supply with success to recapture their husbands’ straying affection,Chinua Achebe,https://en.wikiquote.org/wiki/Chinua_Achebe
obstinately ahead of his more superstitious neighbors in these matters,Chinua Achebe,https://en.wikiquote.org/wiki/Chinua_Achebe
In the cosmopolitan atmosphere of the city it had always seemed to her something of a joke that a person’s tribe could determine who he married.,Chinua Achebe,https://en.wikiquote.org/wiki/Chinua_Achebe
‘I can’t—we must—I mean it is impossible for me to marry Nweke’s daughter.’ ‘Impossible. Why?’ asked his father. ‘I don’t love her.’ ‘Nobody said you did. Why should you?’,Chinua Achebe,https://en.wikiquote.org/wiki/Chinua_Achebe
What one looks for in a wife are a good character and a Christian background.,Chinua Achebe,https://en.wikiquote.org/wiki/Chinua_Achebe
Yes. They are most unhappy if the engagement is not arranged by them. In our case it’s worse—you are not even an Ibo.This was said so seriously and so bluntly that Nene could not find speech immediately. In the cosmopolitan atmosphere of the city it had always seemed to her something of a joke that a person’s tribe could determine whom he married.,Chinua Achebe,https://en.wikiquote.org/wiki/Chinua_Achebe
"As Nnaemeka walked home that evening he turned over in his mind the different ways of overcoming his father’s opposition, especially now that he had gone and found a girl for him. He had thought of showing his letter to Nene but decided on second thoughts not to, at least for the moment.",Chinua Achebe,https://en.wikiquote.org/wiki/Chinua_Achebe
"“I don’t love her.""“Nobody said you did. Why should you?” he asked.“Marriage today is different…”“Look here, my son,” interrupted his father, “nothing is different. What one looks for in a wife are a good character and a Christian background.”Nnaemeka saw there was no hope along the present line of argument.",Chinua Achebe,https://en.wikiquote.org/wiki/Chinua_Achebe
Nene Atang from Calabar. She is the only girl I can marry.” This was a very rash reply and Nnaemeka expected the storm to burst. But it did not. His father merely walked away into his room. This was most unexpected and perplexed Nnaemeka. His father’s silence was infinitely more menacing than a flood of threatening speech. That night the old man did not eat.,Chinua Achebe,https://en.wikiquote.org/wiki/Chinua_Achebe
"Nnaemeka, for his own part, was very deeply affected by his father’s grief. But he kept hoping that it would pass away. If it had occurred to him that never in the history of his people had a man married a woman who spoke a different tongue, he might have been less optimistic.",Chinua Achebe,https://en.wikiquote.org/wiki/Chinua_Achebe
"The story eventually got to the little village in the heart of the Ibo country that Nnaemeka and his young wife were a most happy couple. But his father was one of the few people who knew nothing about this. He always displayed so much temper whenever his son’s name was mentioned that everyone avoided it in his presence. By a tremendous effort of will he had succeeded in pushing his son to the back of his mind. The strain had nearly killed him but he had persevered, and won.",Chinua Achebe,https://en.wikiquote.org/wiki/Chinua_Achebe
Proverbs are the palm-oil with which words are eaten.,Chinua Achebe,https://en.wikiquote.org/wiki/Chinua_Achebe
When the moon is shining the cripple becomes hungry for a walk.,Chinua Achebe,https://en.wikiquote.org/wiki/Chinua_Achebe
"We shall all live. We pray for life, children, a good harvest and happiness. You will have what is good for you and I will have what is good for me. Let the kite perch and let the egret perch too. If one says no to the other, let his wing break.",Chinua Achebe,https://en.wikiquote.org/wiki/Chinua_Achebe
A proud heart can survive general failure because such a failure does not prick its pride. It is more difficult and more bitter when a man fails alone .,Chinua Achebe,https://en.wikiquote.org/wiki/Chinua_Achebe
"The Ibo people have a proverb that when a man says yes his chi says yes also. Okonkwo said yes very strongly, so his chi agreed. And not only his chi but his clan too, because it judged a man by the work of his hands.",Chinua Achebe,https://en.wikiquote.org/wiki/Chinua_Achebe
But he was not the man to go about telling his neighbors that he was in error. And so people said he had no respect for the gods of the clan. His enemies said that his good fortune had gone to his head.,Chinua Achebe,https://en.wikiquote.org/wiki/Chinua_Achebe
"Even the village rain-maker no longer claimed to be able to intervene. He could not stop the rain now, just as he would not attempt to start it in the heart of the dry season, without serious danger to his own health.",Chinua Achebe,https://en.wikiquote.org/wiki/Chinua_Achebe
"No matter how prosperous a man was, if he was unable to rule his women and his children (and especially his women) he was not really a man.",Chinua Achebe,https://en.wikiquote.org/wiki/Chinua_Achebe
"""When did you become a shivering old woman,"" Okonkwo asked himself, ""you, who are known in all the nine villages for your valor in war? How can a man who has killed five men in battle fall to pieces because he has added a boy to their number? Okonkwo, you have become a woman indeed.""",Chinua Achebe,https://en.wikiquote.org/wiki/Chinua_Achebe
"""You sound as if you question the authority and the decision of the Oracle, who said he should die."" ""I do not. Why should I? But the Oracle did not ask me to carry out its decision."" [...] ""The Earth cannot punish me for obeying her mesenger,"" Okonkwo said. ""A child's fingers are not scalded by a piece of hot yam which its mother puts into its palm.""",Chinua Achebe,https://en.wikiquote.org/wiki/Chinua_Achebe
"After such treatment it would think twice before coming again, unless it was one of the stubborn ones who returned, carrying the stamp of their mutilation--a missing finger or perhaps a dark line where the medicine man's razor had cut them.",Chinua Achebe,https://en.wikiquote.org/wiki/Chinua_Achebe
"""Beware Okonkwo!"" she warned. ""Beware of exchanging words with Agbala. Does a man speak when a god speaks? Beware!""",Chinua Achebe,https://en.wikiquote.org/wiki/Chinua_Achebe
"The land of the living was not far removed from the domain of the ancestors. There was coming and going between them, especially at festivals and also when an old man died, because an old man was very close to the ancestors. A man's life from birth to death was a series of transition rites which brought him nearer and nearer to his ancestors.",Chinua Achebe,https://en.wikiquote.org/wiki/Chinua_Achebe
"If the clan did not exact punishment for an offense against the great goddess, her wrath was loosed on all the land and not just on the offender. As the elders said, if one finger brought oil it soiled all the others.",Chinua Achebe,https://en.wikiquote.org/wiki/Chinua_Achebe
"It was like beginning life anew without the vigor and enthusiasm of youth, like learning to become left-handed in old age.",Chinua Achebe,https://en.wikiquote.org/wiki/Chinua_Achebe
"""We have heard stories about white men who make the powerful guns and the strong drinks and took slaves away across the seas, but no one thought the stories were true."" [said Obierika] ""There is no story that is not true,"" said Uchendu. ""The world has no end, and what is good among one people is an abomination with others. We have albinos among us. Do you not think that they came to our clan by mistake, that they have strayed from their way to a land where everybody is like them?""",Chinua Achebe,https://en.wikiquote.org/wiki/Chinua_Achebe
"Chielo, the priestess of Agbala, called the converts the excrement of the clan, and the new faith was a mad dog that had come to eat it up.",Chinua Achebe,https://en.wikiquote.org/wiki/Chinua_Achebe
"""Let us give them a portion of the Evil Forest. They boast about victory over death. Let us give them a real battlefield in which to show their victory."" [...] They offered them as much of the Evil Forest as they cared to take. And to their great amazement the missionaries thanked them and burst into song.",Chinua Achebe,https://en.wikiquote.org/wiki/Chinua_Achebe
"Okonkwo was popularly called the ""Roaring Flame."" As he looked into the log fire he recalled the name. He was a flaming fire. How then could he have begotten a son like Nwoye, degenerate and effeminate? [...] He sighed heavily, and as if in sympathy the smoldering log also sighed. And immediately Okonkwo's eyes were opened and he saw the whole matter clearly. Living fire begets cold, impotent ash. He sighed again, deeply.",Chinua Achebe,https://en.wikiquote.org/wiki/Chinua_Achebe
"The white man is very clever. He came quietly with his religion. We were amused at his foolishness and allowed him to stay. Now he has won our brothers, and our clan can no longer act like one. He has put a knife on the things that held us together and we have fallen apart.",Chinua Achebe,https://en.wikiquote.org/wiki/Chinua_Achebe
As a man danced so the drums were beaten for him.,Chinua Achebe,https://en.wikiquote.org/wiki/Chinua_Achebe
"Eneke the bird was asked why he was always on the wing and he replied: ""Men have learned to shoot without missing their mark and I have learned to fly without perching on a twig.""",Chinua Achebe,https://en.wikiquote.org/wiki/Chinua_Achebe
"Whenever you see a toad jumping in broad daylight, then know that something is after its life.",Chinua Achebe,https://en.wikiquote.org/wiki/Chinua_Achebe
A man who lived on the banks of the Niger should not wash his hands with spittle.,Chinua Achebe,https://en.wikiquote.org/wiki/Chinua_Achebe
"Real tragedy is never resolved. It goes on hopelessly forever. Conventional tragedy is too easy. The hero dies and we feel a purging of the emotions. A real tragedy takes place in a corner, in an untidy spot, to quote W. H. Auden .",Chinua Achebe,https://en.wikiquote.org/wiki/Chinua_Achebe
"You cannot plant greatness as you plant yams or maize. Who ever planted an iroko tree — the greatest tree in the forest? You may collect all the iroko seeds in the world, open the soil and put them there. It will be in vain. The great tree chooses where to grow and we find it there, so it is with the greatness in men.",Chinua Achebe,https://en.wikiquote.org/wiki/Chinua_Achebe
If one finger brings oil it soils the others.,Chinua Achebe,https://en.wikiquote.org/wiki/Chinua_Achebe
"A man to whom you do a favor will not understand if you say nothing, make no noise, just walk away. You may cause more trouble by refusing a bribe than by accepting it.",Chinua Achebe,https://en.wikiquote.org/wiki/Chinua_Achebe
When there is a big tree small ones climb on its back to reach the sun.,Chinua Achebe,https://en.wikiquote.org/wiki/Chinua_Achebe
Although he was still only a child it looked as though the deity had already marked him out as his future Chief. Even before he had learnt to speak more than a few words he had been strongly drawn to the god’s ritual.,Chinua Achebe,https://en.wikiquote.org/wiki/Chinua_Achebe
When a handshake goes beyond the elbow we know it has turned to another thing.,Chinua Achebe,https://en.wikiquote.org/wiki/Chinua_Achebe
"A man does not speak a lie to his son,” he said. “Remember that always. To say My father told me is to swear the greatest oath",Chinua Achebe,https://en.wikiquote.org/wiki/Chinua_Achebe
"The man was a complete nonentity until we crowned him, and now he carries on as though he had been nothing else all his life. It’s the same with Court Clerks and even messengers. They all manage to turn themselves into little tyrants over their own people. It seems to be a trait in the character of the negro",Chinua Achebe,https://en.wikiquote.org/wiki/Chinua_Achebe
"a man should hold his compound together, not plant dissension among his children",Chinua Achebe,https://en.wikiquote.org/wiki/Chinua_Achebe
The man who brings ant-infested faggots into his hut should not grumble when lizards begin to pay him a visit,Chinua Achebe,https://en.wikiquote.org/wiki/Chinua_Achebe
He looked as bright as a new shilling in his immaculate white robes.,Chinua Achebe,https://en.wikiquote.org/wiki/Chinua_Achebe
We had all accepted things from white skins that none of us would have brooked from our own people.,Chinua Achebe,https://en.wikiquote.org/wiki/Chinua_Achebe
A man of worth never gets up to unsay what he said yesterday.,Chinua Achebe,https://en.wikiquote.org/wiki/Chinua_Achebe
In Chief Nanga’s company it was impossible not to be merry.,Chinua Achebe,https://en.wikiquote.org/wiki/Chinua_Achebe
What mattered was that a man had treated me as no man had a right to treat another—not even if he was master and the other slave; and my manhood requires that I made him pay for his insult in full measure.,Chinua Achebe,https://en.wikiquote.org/wiki/Chinua_Achebe
"That’s all they cared for,’ [Max] said with a solemn face. ‘Women, cars, landed property. But what else can you expect when intelligent people leave politics to illiterates like Chief Nanga?",Chinua Achebe,https://en.wikiquote.org/wiki/Chinua_Achebe
"At first Onitsha looked very strange to Chike. He could not say who was a thief or kidnapper and who was not. In Umuofia every thief was known, but here even people who lived under the same roof were strangers to one another.",Chinua Achebe,https://en.wikiquote.org/wiki/Chinua_Achebe
After the incident of the leopard skin Chike lost some of his eagerness for crossing the Niger. He did not see how he could obtain one shilling without stealing or begging.,Chinua Achebe,https://en.wikiquote.org/wiki/Chinua_Achebe
The largest sum of money he had ever had at one time was threepence.,Chinua Achebe,https://en.wikiquote.org/wiki/Chinua_Achebe
Then the stranger went away and Mr. Nwaba retired to his room. Chike did not give much thought to the incident at the time. But he was to remember it later.,Chinua Achebe,https://en.wikiquote.org/wiki/Chinua_Achebe
"In his joy, he said again, ‘Thank you, sir.’ The man did not reply; he was talking to his friend again, with a cigarette in his mouth.",Chinua Achebe,https://en.wikiquote.org/wiki/Chinua_Achebe
"So Chike’s adventure on the River Niger brought him close to danger and then rewarded him with good fortune. It also exposed Mr. Peter Nwaba, the rich but miserly trader. For it was he who had led the other thieves.",Chinua Achebe,https://en.wikiquote.org/wiki/Chinua_Achebe
Praise bounteous providence if you will that grants even an ogre a tiny glow-worm tenderness encapsulated in icy caverns of a cruel heart or else despair for in the very germ of that kindred love is lodged the perpetuity of evil.,Chinua Achebe,https://en.wikiquote.org/wiki/Chinua_Achebe
By immediately identifying his people as “men of soul” .,Chinua Achebe,https://en.wikiquote.org/wiki/Chinua_Achebe
"Measure out / [their] joys and agonies / too, our long, long passion week / in paces of the dance”",Chinua Achebe,https://en.wikiquote.org/wiki/Chinua_Achebe
Lying in wait for the people’s land and resources.,Chinua Achebe,https://en.wikiquote.org/wiki/Chinua_Achebe
He calls the ground where men return in death a place of “safety” and “strength” .,Chinua Achebe,https://en.wikiquote.org/wiki/Chinua_Achebe
He warns them not to become “disinherited”.,Chinua Achebe,https://en.wikiquote.org/wiki/Chinua_Achebe
"They led and he followed blindly, his heavy chest heaving up and down in silent weeping ... it was the worst kind of madness, deep and tongue-tied.",Chinua Achebe,https://en.wikiquote.org/wiki/Chinua_Achebe
We did not ask him for money yesterday; we shall not ask him tomorrow. But today is our day; we have climbed the iroko tree and would be foolish not to take down all the firewood we need.,Chinua Achebe,https://en.wikiquote.org/wiki/Chinua_Achebe
I don't believe anybody will be so unlike other people that they will be unhappy when their sons are engaged to marry.,Chinua Achebe,https://en.wikiquote.org/wiki/Chinua_Achebe
People create stories create people; or rather stories create people create stories.,Chinua Achebe,https://en.wikiquote.org/wiki/Chinua_Achebe
War is war. The strong will always crush the weak. The only difference is that in the process some have made a lot of money and others a lot of misery.,Chinua Achebe,https://en.wikiquote.org/wiki/Chinua_Achebe
"In his mind, he could see the ravages of war: destruction, suffering, hunger, and the grotesque faces of men turned beasts by the bitterness of combat.",Chinua Achebe,https://en.wikiquote.org/wiki/Chinua_Achebe
"A Conrad student informed me in Scotland that Africa is merely a setting for the disintegration of the mind of Mr. Kurtz. Which is partly the point. Africa as setting and backdrop which eliminates the African as human factor. Africa as a metaphysical battlefield devoid of all recognizable humanity, into which the wandering European enters at his peril.",Chinua Achebe,https://en.wikiquote.org/wiki/Chinua_Achebe
"The real question is the dehumanization of Africa and Africans which this age-long attitude has fostered and continues to foster in the world. And the question is whether a novel which celebrates this dehumanization, which depersonalizes a portion of the human race, can be called a great work of art.",Chinua Achebe,https://en.wikiquote.org/wiki/Chinua_Achebe
"It always surprised him, he went on to say, because he never had thought of Africa as having that kind of stuff, you know.",Chinua Achebe,https://en.wikiquote.org/wiki/Chinua_Achebe
Conrad saw and condemned the evil of imperial exploitation but was strangely unaware of the racism on which it sharpened its iron tooth.,Chinua Achebe,https://en.wikiquote.org/wiki/Chinua_Achebe
"We were wanderers on a prehistoric earth, on an earth that wore the aspect of an unknown planet.",Chinua Achebe,https://en.wikiquote.org/wiki/Chinua_Achebe
"A certain enormous buck nigger encountered in Haiti fixed my conception of blind, furious, unreasoning rage, as manifested in the human animal to the end of my days.",Chinua Achebe,https://en.wikiquote.org/wiki/Chinua_Achebe
What art tries to do is domesticate whatever is around and press it into the service of man. Morality is basic to the nature of art.,Chinua Achebe,https://en.wikiquote.org/wiki/Chinua_Achebe
"Well there is an assumption there that Conrad's... Heart of Darkness is great art and I don't accept that. Great art flourishes on problems or anguish or prejudice. But the role of the writer must be very clear. The writer must not be on the side of oppression. In other words there must be no confusion. I write about prejudice; I write about wickedness; I write about murder, I write about rape: but I must not be caught on the side of murder or rape. It is as simple as that.",Chinua Achebe,https://en.wikiquote.org/wiki/Chinua_Achebe
"[W]hatever you are is never enough; you must find a way to accept something, however small, from the other to make you whole and to save you from the mortal sin of righteousness and extremism. (p. 154)",Chinua Achebe,https://en.wikiquote.org/wiki/Chinua_Achebe
"The guilty suffers; the sufferer is guilty. As for the righteous, those whose arms are straight, they will always prosper!",Chinua Achebe,https://en.wikiquote.org/wiki/Chinua_Achebe
Don't disparage the day that still has an hour of light in its hand.,Chinua Achebe,https://en.wikiquote.org/wiki/Chinua_Achebe
"As the saying goes, the unexamined life is not worth-living.",Chinua Achebe,https://en.wikiquote.org/wiki/Chinua_Achebe
My people have a saying which my father often used. A man whose horse is missing will look everywhere even in the roof.,Chinua Achebe,https://en.wikiquote.org/wiki/Chinua_Achebe
"Those who mismanage our affairs would silence our criticism by pretending they have facts not available to the rest of us. Our best weapon against them is not to marshal facts, of which they are truly managers, but passion. Passion is our hope and strength.",Chinua Achebe,https://en.wikiquote.org/wiki/Chinua_Achebe
"That we may accept a limitation on our actions but never, under no circumstances, must we accept restriction on our thinking.",Chinua Achebe,https://en.wikiquote.org/wiki/Chinua_Achebe
I wouldn't put myself under the democratic dictatorship even of angels and archangels.,Chinua Achebe,https://en.wikiquote.org/wiki/Chinua_Achebe
Do your people have a proverb about a man looking for something inside the bag of a man looking for something?,Chinua Achebe,https://en.wikiquote.org/wiki/Chinua_Achebe
While we do our good works let us not forget that the real solution lies in a world in which charity will have become unnecessary.,Chinua Achebe,https://en.wikiquote.org/wiki/Chinua_Achebe
"Charity is the opium of the privileged,",Chinua Achebe,https://en.wikiquote.org/wiki/Chinua_Achebe
"In the end I began to understand. There is such a thing as absolute power over narrative. Those who secure this privilege for themselves can arrange stories about others pretty much where, and as, they like. Just as in corrupt, totalitarian regimes, those who exercise power over others can do anything.",Chinua Achebe,https://en.wikiquote.org/wiki/Chinua_Achebe
"In the end I began to understand. There is such a thing as absolute power over narrative. Those who secure this privilege for themselves can arrange stories about others pretty much where, and as, they like. Just as in corrupt, totalitarian regimes, those who exercise power over others can do anything. They can bring out crowds of demonstrators whenever they need them.",Chinua Achebe,https://en.wikiquote.org/wiki/Chinua_Achebe
"The Igbo people of Southern Nigeria are more than ten million strong and must be accounted one of the major peoples of Africa. Conventional practice would call them a tribe, but I no longer follow that convention. I call them a nation",Chinua Achebe,https://en.wikiquote.org/wiki/Chinua_Achebe
"The dispossession that caused my shrillness is in retreat though the marks of its pillage are still everywhere. I can see, in spite of them, that I have come a long way.",Chinua Achebe,https://en.wikiquote.org/wiki/Chinua_Achebe
"It began to dawn on me that although fiction was undoubtedly fictitious it could also be true or false, not with the truth or falsehood of a news item but as to its disinterestedness, its intention, its integrity.",Chinua Achebe,https://en.wikiquote.org/wiki/Chinua_Achebe
"We cannot trample upon the humanity of others without devaluing our own. The Igbo, always practical, put it concretely in their proverb Onye ji onye n'ani ji onwe ya: ""He who will hold another down in the mud must stay in the mud to keep him down.",Chinua Achebe,https://en.wikiquote.org/wiki/Chinua_Achebe
"...when we are comfortable and inattentive, we run the risk of committing grave injustices absentmindedly.",Chinua Achebe,https://en.wikiquote.org/wiki/Chinua_Achebe
"Africa is people"" may seem too simple and too obvious to some of us. But I have found in the course of my travels through the world that the most simple things can still givwe us a lot of trouble, even the brightest among us: this is particularly so in matters concerning Africa.",Chinua Achebe,https://en.wikiquote.org/wiki/Chinua_Achebe
I do not see that it is necessary for any people to prove to another that they build cathedrals or pyramids before they can be entitled to peace and safety.,Chinua Achebe,https://en.wikiquote.org/wiki/Chinua_Achebe
"Paradoxically, a saint like [Albert] Schweitzer can give one a lot more trouble than King Leopold II, villain of unmitigated guilt, because along with doing good and saving African lives Schweitzer also managed to announce that the African was indeed his brother, but only his junior brother.",Chinua Achebe,https://en.wikiquote.org/wiki/Chinua_Achebe
"The point in all this is that language is a handy whipping boy to summon and belabor when we have failed in some serious way. In other words, we play politics with language, and in so doing conceal the reality and the complexity of our situation from ourselves and from those foolish enough to put their trust in us.",Chinua Achebe,https://en.wikiquote.org/wiki/Chinua_Achebe
"It is appropriate that we celebrate Martin Luther King, a man who struggled so valiantly to restore humanity to the oppressed and the oppressor.",Chinua Achebe,https://en.wikiquote.org/wiki/Chinua_Achebe
"Some people flinch when you talk about art in the context of the needs of society thinking you are introducing something far too common for a discussion of art. Why should art have a purpose and a use? Art shouldn't be concerned with purpose and reason and need, they say. These are improper. But from the very beginning, it seems to me, stories have indeed been meant to be enjoyed, to appeal to that part of us which enjoys good form and good shape and good sound.",Chinua Achebe,https://en.wikiquote.org/wiki/Chinua_Achebe
People from different parts of the world can respond to the same story if it says something to them about their own history and their own experience.,Chinua Achebe,https://en.wikiquote.org/wiki/Chinua_Achebe
Every generation must recognize and embrace the task it is peculiarly designed by history and by providence to perform.,Chinua Achebe,https://en.wikiquote.org/wiki/Chinua_Achebe
Writing has always been a serious business for me. I felt it was a moral obligation. A major concern of the time was the absence of the African voice. Being part of that dialogue meant not only sitting at the table but effectively telling the African story from an African perspective - in full earshot of the world.,Chinua Achebe,https://en.wikiquote.org/wiki/Chinua_Achebe
"The triumph of the written word is often attained when the writer achieves union and trust with the reader, who then becomes ready to be drawn into unfamiliar territory, walking in borrowed literary shoes so to speak, toward a deeper understanding of self or society, or of foreign peoples, cultures, and situations.",Chinua Achebe,https://en.wikiquote.org/wiki/Chinua_Achebe
"There was another epidemic that was not talked about much, a silent scourge—the explosion of mental illness: major depression, psychosis, schizophrenia, manic-depression, personality disorders, grief response, post-traumatic stress disorder, anxiety disorders, etc.—on a scale none of us had ever witnessed.",Chinua Achebe,https://en.wikiquote.org/wiki/Chinua_Achebe
"Camara Laye ’s The Dark Child and Chinua Achebe’s Things Fall Apart because they gave me a glorious shock of recognition. Until I read them, I was not consciously aware that people who looked like me could exist in books. I grew up in a Nigerian university town, and all the books I read before then were foreign children’s books with white characters doing unfamiliar things.",Chinua Achebe,https://en.wikiquote.org/wiki/Chinua_Achebe
"I do reread novels I love, like Chinua Achebe’s “Arrow of God,” to remind myself of what fiction can do.",Chinua Achebe,https://en.wikiquote.org/wiki/Chinua_Achebe
"When I read Things Fall Apart which is about an Ibo tribe in Nigeria, a tribe I never saw, a system-to put it that way or a society, the rules of which were a mystery to me, I recognized everybody in it. And that book was about my father. How we got over I don't know, we did!""",Chinua Achebe,https://en.wikiquote.org/wiki/Chinua_Achebe
"I rank Achebe very highly, especially his Arrow of God, and I consider it a tragedy that he has had to live under such disturbed conditions and writes so little.",Chinua Achebe,https://en.wikiquote.org/wiki/Chinua_Achebe
"Chinua Achebe was a real education for me, a real education.",Chinua Achebe,https://en.wikiquote.org/wiki/Chinua_Achebe
"Things Fall Apart quotes analyzed; study guide with themes, characters, multimedia, teacher resources",Chinua Achebe,https://en.wikiquote.org/wiki/Chinua_Achebe
"O my boy! he who doeth good shall meet with good; and he who doeth evil shall meet with evil, for the Lord requiteth a man according to the measure of his work. O my boy! what shall I say more to thee than these sayings? for the Lord knoweth what is hidden, and is acquainted with the mysteries and the secrets. And He will requite thee and will judge, betwixt me and thee, and will recompense thee according to thy desert.",Ahiqar,https://en.wikiquote.org/wiki/Ahiqar
He who digs a pit for his brother shall fall into it; and he who sets up traps shall be caught in them.,Ahiqar,https://en.wikiquote.org/wiki/Ahiqar
AḤIḳAR at JewishEncyclopedia.com,Ahiqar,https://en.wikiquote.org/wiki/Ahiqar
"We should not be ashamed to acknowledge truth from whatever source it comes to us, even if it is brought to us by former generations and foreign peoples. For him who seeks the truth there is nothing of higher value than truth itself.",Al-Kindi,https://en.wikiquote.org/wiki/Al-Kindi
"We ought not to be ashamed of appreciating the truth and of acquiring it wherever it comes from, even if it comes from races distant and nations different from us. For the seeker of truth nothing takes precedence over the truth.",Al-Kindi,https://en.wikiquote.org/wiki/Al-Kindi
The wealth of a miser is as useless as a pebble. [1],Ali,https://en.wikiquote.org/wiki/Ali
Do not let your difficulties fill you with anxiety. It is only in the darkest nights that the stars shine more brilliantly. [2],Ali,https://en.wikiquote.org/wiki/Ali
A moment of patience in the moment of anger prevents thousands of moments of regret.,Ali,https://en.wikiquote.org/wiki/Ali
"The weakest man is the one who is able to correct his moral defects, but doesn't take action.",Ali,https://en.wikiquote.org/wiki/Ali
"He who has a thousand friends has not a friend to spare, while he who has one enemy will meet him everywhere.",Ali,https://en.wikiquote.org/wiki/Ali
The best companion and helper is admirable morals.,Ali,https://en.wikiquote.org/wiki/Ali
There are so many highly esteemed ones who became miserable and humiliated just because of their bad temper and morals; and humble people who have attained eminence and the highest honors because of good temper and morals.,Ali,https://en.wikiquote.org/wiki/Ali
Two things cause people to be destroyed: fear of poverty and seeking superiority through pride.,Ali,https://en.wikiquote.org/wiki/Ali
There is no knowledge and science like pondering and thought; and there is no prosperity and advancement like knowledge and science.,Ali,https://en.wikiquote.org/wiki/Ali
Associating with the wise and the knowledgeable people adds to the prestige of a person.,Ali,https://en.wikiquote.org/wiki/Ali
An alert and learned man will take advice from any event.,Ali,https://en.wikiquote.org/wiki/Ali
"There are three signs of a knowledgeable person: knowledge, forbearance and silence.",Ali,https://en.wikiquote.org/wiki/Ali
"When wisdom reaches the pinnacle of perfection, it will suppress the vicious instincts and injurious desires.",Ali,https://en.wikiquote.org/wiki/Ali
"The one from among the Muslims who recites the Qur'an but in the end finds his way to hell, is considered to be among those that have taken the word of Allah in jest.",Ali,https://en.wikiquote.org/wiki/Ali
Recitation of the Qur'an without contemplation and thought is futile.,Ali,https://en.wikiquote.org/wiki/Ali
"Allah, the Exalted, gave the angels intellect without desires, He gave the animals desires without intellect, and He gave both to the sons of Adam. So a man whose intellect prevails over his desires is better than the angels, whilst a man whose desire prevails over his intellect is worse than the animals.",Ali,https://en.wikiquote.org/wiki/Ali
Submission to Allah 's Will is the best companion; wisdom is the noblest heritage; theoretical and practical knowledge are the best signs of distinction; deep thinking will present the clearest picture of every problem.,Ali,https://en.wikiquote.org/wiki/Ali
The mind of a wise man is the safest custody of secrets; cheerfulness is the key to friendship; patience and forbearance will conceal many defects.,Ali,https://en.wikiquote.org/wiki/Ali
A conceited and self-admiring person is disliked by others; charity and alms are the best remedy for ailments and calamities; one has to account in the next world for the deeds that he has done in this world.,Ali,https://en.wikiquote.org/wiki/Ali
"If you overpower your enemy, then pardon him by way of thankfulness to Allah, for being able to subdue him.",Ali,https://en.wikiquote.org/wiki/Ali
Unfortunate is he who cannot gain a few sincere friends during his life and more unfortunate is the one who has gained them and then lost them (through his deeds).,Ali,https://en.wikiquote.org/wiki/Ali
"When some blessings come to you, do not drive them away through thanklessness.",Ali,https://en.wikiquote.org/wiki/Ali
He who is deserted by friends and relatives will often find help and sympathy from strangers.,Ali,https://en.wikiquote.org/wiki/Ali
"One who rushes madly after inordinate desire, runs the risk of encountering destruction and death.",Ali,https://en.wikiquote.org/wiki/Ali
Often your utterances and expressions of your face leak out the secrets of your hidden thoughts.,Ali,https://en.wikiquote.org/wiki/Ali
Hearts of people are like wild beasts. They attach themselves to those who love and train them.,Ali,https://en.wikiquote.org/wiki/Ali
"So long as fortune is favouring you, your defects will remain covered.",Ali,https://en.wikiquote.org/wiki/Ali
Only he who has the power to punish can pardon.,Ali,https://en.wikiquote.org/wiki/Ali
"Generosity is to help a deserving person without his request, and if you help him after his request, then it is either out of self-respect or to avoid rebuke.",Ali,https://en.wikiquote.org/wiki/Ali
"There is no greater wealth than wisdom, no greater poverty than ignorance; no greater heritage than culture and no greater support than consultation.",Ali,https://en.wikiquote.org/wiki/Ali
"Patience is of two kinds: patience over what pains you, and patience against what you covet.",Ali,https://en.wikiquote.org/wiki/Ali
Wealth converts a strange land into homeland and poverty turns a native place into a strange land.,Ali,https://en.wikiquote.org/wiki/Ali
Contentment is the capital which will never diminish.,Ali,https://en.wikiquote.org/wiki/Ali
Wealth is the fountain head of passions.,Ali,https://en.wikiquote.org/wiki/Ali
Whoever warns you against sins and vices is like the one who gives you good tidings.,Ali,https://en.wikiquote.org/wiki/Ali
"Tongue is a beast, if it is let loose, it devours.",Ali,https://en.wikiquote.org/wiki/Ali
"O son of Adam, when you see that your Lord, the Glorified, bestows His Favors on you while you  disobey Him, you should fear Him (take warning that His Wrath may not turn those very blessings into misfortunes).",Ali,https://en.wikiquote.org/wiki/Ali
A virtuous person is better than virtue and a vicious person is worse than vice.,Ali,https://en.wikiquote.org/wiki/Ali
Recommended prayers cannot attain the pleasures of Allah for you when obligatory prayers are left unattended.,Ali,https://en.wikiquote.org/wiki/Ali
Value of a man depends upon his courage; his veracity depends upon his self-respect and his chastity depends upon his sense of honor.,Ali,https://en.wikiquote.org/wiki/Ali
Every breath you take is a step towards death.,Ali,https://en.wikiquote.org/wiki/Ali
Like your body your mind also gets tired so refresh it by wise sayings.,Ali,https://en.wikiquote.org/wiki/Ali
"Whenever a tradition of the Holy Prophet is related to you, scrutinize it, do not be satisfied with mere verbatim repetition of the same because there are many people who repeat the words containing knowledge but only few ponder over them and try to fully grasp the meaning they convey.",Ali,https://en.wikiquote.org/wiki/Ali
Anyone who loves us Ahlul Bayt must be ready to face a life of austerity.,Ali,https://en.wikiquote.org/wiki/Ali
"A friend cannot be considered a friend unless he is tested on three occasions: in time of need, behind your back and after your death.",Ali,https://en.wikiquote.org/wiki/Ali
There is enough light for one who wants to see.,Ali,https://en.wikiquote.org/wiki/Ali
It is wiser to abstain than to repent.,Ali,https://en.wikiquote.org/wiki/Ali
Obstinacy will prevent you from a correct decision.,Ali,https://en.wikiquote.org/wiki/Ali
If two opposite theories are propagated one will be wrong.,Ali,https://en.wikiquote.org/wiki/Ali
When truth was revealed to me I never doubted it.,Ali,https://en.wikiquote.org/wiki/Ali
One who forsakes truth earns eternal damnation.,Ali,https://en.wikiquote.org/wiki/Ali
"O son of Adam, if you have collected anything in excess of your actual need, you will act only as its trustee for someone else to use it.",Ali,https://en.wikiquote.org/wiki/Ali
"There are people who worship Allah to gain His Favors, this is the worship of traders; while there are some who worship Him to keep themselves free from His Wrath, this is the worship of slaves; a few who obey Him out' of their sense of gratitude and obligations, this is the worship of free and noble men.",Ali,https://en.wikiquote.org/wiki/Ali
"Through us you got guidance in the darkness and secured high position, and through us you got out of the gloomy night. The ears which do not listen to the cries may become deaf. How can one who remained deaf to the loud cries (of the Qur'an and the Prophet) listen to (my) feeble voice. The heart that has ever palpitated (with fear of Allah) may get peace.",Ali,https://en.wikiquote.org/wiki/Ali
"So now, surely this world has turned its back and announced its departure while the next world has appeared forward and proclaimed its approach. Today is the day of preparation while tomorrow is the day of race. The place to proceed to is Paradise while the place of doom is Hell. Is there no one to offer repentance over his faults before his death? Or is there no one to perform virtuous acts before the day of trial?",Ali,https://en.wikiquote.org/wiki/Ali
"Where are those who protect honour, and those self-respecting persons who defend respectable persons in the time of hardship? Shame is behind you while Paradise is in front of you.",Ali,https://en.wikiquote.org/wiki/Ali
"Allah seeks you to thank Him and assigns to you His affairs. He has allowed time in the limited field (of life) so that you may vie with each other in seeking the reward (of Paradise). Therefore, tight up your girdles and wrap up the skirts. High courage and dinners do not go together. Sleep causes weakness in the big affairs of the day and (its) darkness obliterates the memories of courage.",Ali,https://en.wikiquote.org/wiki/Ali
"During civil disturbance adopt such an attitude that people do not attach any importance to you — they neither burden you with complicated affairs, nor try to derive any advantage out of you.",Ali,https://en.wikiquote.org/wiki/Ali
"Every person who is tempted to go astray, does not deserve punishment.",Ali,https://en.wikiquote.org/wiki/Ali
"Our affairs are attached to the destiny decreed by Allah, even our best plans may lead us to destruction.",Ali,https://en.wikiquote.org/wiki/Ali
"Failures are often the results of timidity and fears; disappointments are the results of bashfulness; hours of leisure pass away like summer-clouds, therefore, do not waste opportunity of doing good.",Ali,https://en.wikiquote.org/wiki/Ali
"When Imam Ali was asked about Faith in Religion, he replied that the structure of faith is supported by four pillars endurance, conviction, justice and jihad.",Ali,https://en.wikiquote.org/wiki/Ali
A wise man first thinks and then speaks and a fool speaks first and then thinks.,Ali,https://en.wikiquote.org/wiki/Ali
A fool's mind is at the mercy of his tongue and a wise man's tongue is under the control of his mind.,Ali,https://en.wikiquote.org/wiki/Ali
"Lack of friends means, stranger in one's own country.",Ali,https://en.wikiquote.org/wiki/Ali
Not to have a thing is less humiliating than to beg it.,Ali,https://en.wikiquote.org/wiki/Ali
Do not feel ashamed if the amount of charity is small because to refuse the needy is an act of greater shame.,Ali,https://en.wikiquote.org/wiki/Ali
To refrain from unlawful and impious source of pleasures is an ornament to the poor and to be thankful for the riches granted is the adornment of wealth.,Ali,https://en.wikiquote.org/wiki/Ali
If you cannot get things as much as you desire than be contented with what you have.,Ali,https://en.wikiquote.org/wiki/Ali
An ignorant person will always overdo a thing or neglect it totally.,Ali,https://en.wikiquote.org/wiki/Ali
"The wiser a man is, the less talkative will he be.",Ali,https://en.wikiquote.org/wiki/Ali
"Time wears out bodies, renews hopes, brings death nearer and takes away aspirations. Whoever gets anything from the world lives in anxiety for holding it and whoever loses anything passes his days grieving over the loss.",Ali,https://en.wikiquote.org/wiki/Ali
Whoever wants to be a leader should educate himself before educating others. Before preaching to others he should first practice himself. Whoever educates himself and improves his own morals is superior to the man who tries to teach and train others.,Ali,https://en.wikiquote.org/wiki/Ali
Anything which can be counted is finite and will come to an end.,Ali,https://en.wikiquote.org/wiki/Ali
If matters get mixed up then scrutinize the cause and you will know what the effects will be.,Ali,https://en.wikiquote.org/wiki/Ali
"A man sarcastically started praising Imam Ali , though he had no faith in him and Imam Ali hearing these praises from him said "" I am less than what you tell about me but more than what you think about me .""",Ali,https://en.wikiquote.org/wiki/Ali
Those who have come alive out of a blood-bath live longer and have more children.,Ali,https://en.wikiquote.org/wiki/Ali
One who imagines himself to be all-knowing will surely suffer on account of his ignorance.,Ali,https://en.wikiquote.org/wiki/Ali
I appreciate an old man's cautious opinion more than the valor of a young man.,Ali,https://en.wikiquote.org/wiki/Ali
I wonder at a man who loses hope of salvation when the door of repentance is open for him.,Ali,https://en.wikiquote.org/wiki/Ali
"Nawf bin Fizala Bakali, the famous scholar of the early Islamic days says that one night he was with Imam Ali. In the middle of the night, Imam Ali got up from his bed, looked for sometime at the stars and inquired of Nawf whether he was awake. Nawf said: ""I got from my bed replying, ""Yes, Amirul Mo'minin (Commander of the Faithful) ! I am awake"".",Ali,https://en.wikiquote.org/wiki/Ali
Imam Ali said Nawf! Those are the fortunate people who adopt piety as the principle of their lives and are fully attentive to their welfare for the Hereafter. They accept bare earth as the most comfortable bed and water as the most pleasant drink. They adopt the Holy Qur'an and prayers as their guide and protector and like Prophet Jesus Christ (Isa) they forsake the world and its vicious pleasure.,Ali,https://en.wikiquote.org/wiki/Ali
"Nawf! Prophet David (Daud) once got up at such an hour in the night and said this was the hour when prayers of everyone who prayed were accepted except of those who forcibly collected revenues or who were scandal- mongers or were persons in the police force of a despotic regime or were musicians"".",Ali,https://en.wikiquote.org/wiki/Ali
"I define Islam for you in a way that nobody dared do it before me. Islam means obedience to Allah, obedience to Allah means having sincere faith in Him, such a faith means to believe in His Power, belief in His Power means recognizing and accepting His Majesty, acceptance of His Majesty means fulfilling the obligations laid down by Him and fulfillment of obligations means actions (Therefore, Islam does not mean mere faith, but faith plus deeds ).",Ali,https://en.wikiquote.org/wiki/Ali
"If you understand Allah's Majesty, then you will not attach any importance to the creatures.",Ali,https://en.wikiquote.org/wiki/Ali
"If you want to pray to Allah for better means of subsistence, then first give something in charity",Ali,https://en.wikiquote.org/wiki/Ali
"When someone is sure of the returns, then he shows generosity.",Ali,https://en.wikiquote.org/wiki/Ali
Aid (from Allah) is in proportion to the trouble.,Ali,https://en.wikiquote.org/wiki/Ali
He who practices moderation and frugality will never be threatened with poverty.,Ali,https://en.wikiquote.org/wiki/Ali
One of the conveniences in life is to have less children.,Ali,https://en.wikiquote.org/wiki/Ali
Loving one another is half of wisdom.,Ali,https://en.wikiquote.org/wiki/Ali
"Grant of patience (from Allah) is in proportion to the extent of calamity you are passing through. If you exhibit fretfulness, irritation, and despair in calamities, then your patience and your exertions are wasted.",Ali,https://en.wikiquote.org/wiki/Ali
"Many persons get nothing out of their fasts but hunger and thirst, many more get nothing out of their night prayers but exertions and sleepless nights. Wise and sagacious persons are praiseworthy even if they do not fast and sleep during the nights.",Ali,https://en.wikiquote.org/wiki/Ali
Defend your faith (in Allah) with the help of charity. Protect your wealth with the aid of Zakat. Let the prayers guard you from calamities and disasters.,Ali,https://en.wikiquote.org/wiki/Ali
The first fruit of forbearance is that people will sympathize with you and they will go against the man who offended you arrogantly.,Ali,https://en.wikiquote.org/wiki/Ali
"One who takes account of his shortcomings will always gain by it; one who is unmindful of them will always suffer. One who is afraid of the Day of Judgment, is safe from the Wrath of Allah. One who takes lessons from the events of life, gets vision, one who acquires vision becomes wise and one who attains wisdom achieves knowledge.",Ali,https://en.wikiquote.org/wiki/Ali
"Bear sorrows and calamities patiently, otherwise you will never be happy.",Ali,https://en.wikiquote.org/wiki/Ali
One who comes into power often oppresses.,Ali,https://en.wikiquote.org/wiki/Ali
Adversities often bring good qualities to the front.,Ali,https://en.wikiquote.org/wiki/Ali
"If a friend envies you, then he is not a true friend.",Ali,https://en.wikiquote.org/wiki/Ali
Avarice dulls the faculties of judgment and wisdom.,Ali,https://en.wikiquote.org/wiki/Ali
Oppression and tyranny are the worse companions for the Hereafter.,Ali,https://en.wikiquote.org/wiki/Ali
The best deed of a great man is to forgive and forget.,Ali,https://en.wikiquote.org/wiki/Ali
Silence will create respect and dignity; justice and fairplay will bring more friends; benevolence and charity will enhance prestige and position; courtesy will draw benevolence; service of mankind will secure leadership and good words will overcome powerful enemies.,Ali,https://en.wikiquote.org/wiki/Ali
A greedy man will always find himself in the shackles of humility.,Ali,https://en.wikiquote.org/wiki/Ali
"These are the orders issued by the creature of Allah, Ali, the son Abu Taalib to Maalik, the son of Ashtar when he appointed Maalik as the Governor of Egypt to collect zakat there, to combat the enemies of Islam and Egypt, to work for the welfare of its people and to look after its prosperity.",Ali,https://en.wikiquote.org/wiki/Ali
Do not feel ashamed to forgive and forget.,Ali,https://en.wikiquote.org/wiki/Ali
Do not hurry over punishments and do not be pleased and do not be proud of your power to punish.,Ali,https://en.wikiquote.org/wiki/Ali
"Do not get angry and lose your temper quickly over the mistakes and failures of those over whom you rule. On the contrary, be patient and sympathetic with them.",Ali,https://en.wikiquote.org/wiki/Ali
Anger and desire of vengeance are not going to be of much help to you in your administration.,Ali,https://en.wikiquote.org/wiki/Ali
"Never say to yourself, ""I am their Lord, their ruler and all in all over them and that I must be obeyed submissively and humbly"" because such a thought will unbalance your mind , will make you vain and arrogant , will weaken your faith in religion and will make you seek support of any power other than that of Allah .",Ali,https://en.wikiquote.org/wiki/Ali
Being ungrateful for a blessing causes it to be taken away .,Ali,https://en.wikiquote.org/wiki/Ali
"There is no capital more useful than intellect and wisdom, and there is no indigence more injurious than ignorance and unawareness.",Ali,https://en.wikiquote.org/wiki/Ali
Books are the gardens of scholars.,Ali,https://en.wikiquote.org/wiki/Ali
"To whatever extent a person's knowledge increases, his attention will be turned more towards his soul.",Ali,https://en.wikiquote.org/wiki/Ali
Reciter and listener of the Qur'an are alike in prize and reward.,Ali,https://en.wikiquote.org/wiki/Ali
"Understanding the knowledge and wisdom of the Qur'an is by far, higher than memorizing.",Ali,https://en.wikiquote.org/wiki/Ali
"“O Ali! You are to me as Aaron was to Moses, except that no prophet will come after me.”",Ali,https://en.wikiquote.org/wiki/Ali
"“No new Muslim has surpassed Ali in zeal and virtue. He united the merits of a poet, a soldier, and a saint; his rationality still inspires in a collection of moral and religious sayings; And every enemy, in the battles of tongue or sword, was subdued by his eloquence and courage. From the first hour of his mission to the last funeral, the Prophet was never abandoned by a generous friend who was happy to call him his brother, his successor, and his faithful Aaron.”",Ali,https://en.wikiquote.org/wiki/Ali
"“With a keen intellect, warm in influence, and trustworthy in friendship, he was from childhood the devotee of the Prophet in heart and soul. Simple, quiet, and unambitious, it was more a strain than a desire when, after a few days, he gained the rule of half the Muslim world.”",Ali,https://en.wikiquote.org/wiki/Ali
"“The last will of the Prophet of Islam was not carried out; because he had appointed Ali as his successor, while after his death, some chose Abu Bakr",Ali,https://en.wikiquote.org/wiki/Ali
"“ A brilliant mind... full of fiery influence and boldness. There was something chivalrous about him; brave as a lion; but with the kindness, truth and love worthy of Christian chivalry... His martyrdom was due to the severity of his justice. """,Ali,https://en.wikiquote.org/wiki/Ali
"“ In my opinion, Ali was the first Arab who came into contact with the universal spirit and entered into dialogue with it. He was martyred because of his greatness and died while praying between his lips. The Arabs did not recognize his value until they learned among their Persian neighbors some of the differences between sand and precious stones.",Ali,https://en.wikiquote.org/wiki/Ali
"""There has not been a more ascetic than Ali in the world.""",Ali,https://en.wikiquote.org/wiki/Ali
"""Ali made the past forget and put the future in difficulty."" [About knowing him]",Ali,https://en.wikiquote.org/wiki/Ali
"""People have made his character and method a means of blaming the caliphs.""",Ali,https://en.wikiquote.org/wiki/Ali
"""He is the foster-child of the Messenger of Allah and his educated son. Ali is a great jurist whose opinion, from the perspective of those seeking the light of truth, is the most correct opinion of the people. He is the leader and master of the ascetics before and after him.""",Ali,https://en.wikiquote.org/wiki/Ali
"""He never worshipped idols; therefore, the Sunnis also call him ""May Allah have honored his face."" In addition, he was given the privilege of breaking idols. God knows how difficult it would have been for those who had worshipped idols for years and had made many appeals to their idols if they had been ordered to break them, and how they would have refused!",Ali,https://en.wikiquote.org/wiki/Ali
"""I do not know which of you has visited Najaf, the house of the Commander of the Faithful in Kufa is behind the Kufa Mosque near the Dar al-Marah; I have entered that house; It is about one hundred to one hundred and fifty meters, it had two or three small rooms, at that time Ali had absolute power, from this house he ruled a country that was perhaps ten times the size of your Iran… Even though he was the ruler, the Imam would come to the market of Kufa…” [ 3 ]",Ali,https://en.wikiquote.org/wiki/Ali
“Ali ibn Abi Talib is the spokesman of the word of God and his heart is alert and aware of it.”,Ali,https://en.wikiquote.org/wiki/Ali
"“O world , what would happen if you gathered all your forces and again manifested a personality like Ali with that reason , heart , tongue and sword?”",Ali,https://en.wikiquote.org/wiki/Ali
"""Two groups were in love with Ali's way, one was wise and pure-hearted, and the other was good-hearted and full of taste. Ali ibn Abi Talib was a martyr of his own greatness. He passed away while prayer was flowing on his tongue and his heart was filled with the desire for God. The Arab people did not understand the truth of his position until a group of people from their neighboring country ( Iran ) arose, distinguished this precious gem from the stone, and recognized him.""",Ali,https://en.wikiquote.org/wiki/Ali
The most complete gift of God is a life based on knowledge.,Ali,https://en.wikiquote.org/wiki/Ali
The innumerable fools have made the learned very scarce.,Ali,https://en.wikiquote.org/wiki/Ali
The learned man understands the ignorant for he was once ignorant for he was once ignorant himself.,Ali,https://en.wikiquote.org/wiki/Ali
The ignorant man does not understand the learned for he has never been learned himself.,Ali,https://en.wikiquote.org/wiki/Ali
Knowledge gives life to the soul.,Ali,https://en.wikiquote.org/wiki/Ali
To respect the learned is to respect God.,Ali,https://en.wikiquote.org/wiki/Ali
Practice makes knowledge perfect.,Ali,https://en.wikiquote.org/wiki/Ali
To fulfill promises is the highest form of integrity.,Ali,https://en.wikiquote.org/wiki/Ali
Truth means conformity of speech with the Divine mode of working.,Ali,https://en.wikiquote.org/wiki/Ali
Friendship is impossible with a liar.,Ali,https://en.wikiquote.org/wiki/Ali
Misrepresentation spoils narration.,Ali,https://en.wikiquote.org/wiki/Ali
Enemity is the occupation of fools.,Ali,https://en.wikiquote.org/wiki/Ali
One's obedience to God is proportionate to one's wisdom.,Ali,https://en.wikiquote.org/wiki/Ali
To fight against one's own desires is highest wisdom.,Ali,https://en.wikiquote.org/wiki/Ali
To separate oneself from things of time and to connect oneself with things of eternity is highest wisdom.,Ali,https://en.wikiquote.org/wiki/Ali
He is really wise whose actions reflect his words.,Ali,https://en.wikiquote.org/wiki/Ali
Humility is the product of knowledge.,Ali,https://en.wikiquote.org/wiki/Ali
Humility is one of the nets spread by real greatness.,Ali,https://en.wikiquote.org/wiki/Ali
Boasting issues from small minds.,Ali,https://en.wikiquote.org/wiki/Ali
"When a dead person is placed in his grave, four kinds of fire will cover him, but then the prayer will come and put one of them out, and the fast will come and put another one of them out, and then charity will come and put another one out, and knowledge will come and put the forth one out, and it will say : ' If I had come sooner, I would a have put all of them out, and given you delight for I am with you now, and you'll not see anything else distressing.",Ali,https://en.wikiquote.org/wiki/Ali
"Sermons, Letters, and Sayings of the Commander of the Faithful, Imam Ali",Ali,https://en.wikiquote.org/wiki/Ali
Imam Ali in the eyes of non-Muslims (PDF document)],Ali,https://en.wikiquote.org/wiki/Ali
Nahjul Balagha at The Light of Islam,Ali,https://en.wikiquote.org/wiki/Ali
"Nahjul Balagha online , Commentaries & ""The Sayings of Ali""",Ali,https://en.wikiquote.org/wiki/Ali
"Imam Ali ; Sayings of Ali 1-114 , 115-206",Ali,https://en.wikiquote.org/wiki/Ali
Nahjolbalaqa : The Sayings of Imam Ali (pbuh),Ali,https://en.wikiquote.org/wiki/Ali
"“I think the interest is because there’s no closure, no official closure, no clear statements"".",Sam Amadi,https://en.wikiquote.org/wiki/Sam_Amadi
"“But the real question is, why don’t we have official autography, official statements, official closure to issues, especially about a very high level national event?”",Sam Amadi,https://en.wikiquote.org/wiki/Sam_Amadi
"“There should be some records, some videos, something somewhere in Aso Rock that could tell us exactly what happened to our president.”",Sam Amadi,https://en.wikiquote.org/wiki/Sam_Amadi
"“If you don’t have a clear, nonpartisan institution, whose job is simply to record history, then you continue to have these kinds of problems.”",Sam Amadi,https://en.wikiquote.org/wiki/Sam_Amadi
"“You need to know how policies were driven and failed, you need to know so that tomorrow you can create policies that can borrow from the wisdom of this failure.”",Sam Amadi,https://en.wikiquote.org/wiki/Sam_Amadi
"“Yes, his views might be contentious, might be biased, might be contentious, as the case might be. But again, this is more to put at the history there.”",Sam Amadi,https://en.wikiquote.org/wiki/Sam_Amadi
"""The taking over of ongoing viable farms' by states has invariably led to almost total collapse of agricultural production and has forced the countries concerned to incur heavy foreign debt to import food"".",Abdulrahman Mohamed Babu,https://en.wikiquote.org/wiki/Abdulrahman_Mohamed_Babu
“Socialism would come through African unity and vice versa”.,Abdulrahman Mohamed Babu,https://en.wikiquote.org/wiki/Abdulrahman_Mohamed_Babu
"“Eritrea’s present is the remote future of others… I am not ashamed to admit that I have been overwhelmed by what I saw.  Living, working, and eating with these staunch revolutionaries, I am tempted to echo the famous quote: ‘I have seen the future of Africa, and it works’”.",Abdulrahman Mohamed Babu,https://en.wikiquote.org/wiki/Abdulrahman_Mohamed_Babu
"[T]hinking, thinking and thinking. My heart not feeling that which my mind thought, nor my mind ceasing to dominate my soul, and every thought like a hard block of lumber.",Hussein Barghouthi,https://en.wikiquote.org/wiki/Hussein_Barghouthi
"""This youth that I see must fight with the means of its time. Everywhere I go, this ferment, even in the excesses produced by those on the other side. The passion for freedom dwells in each of us. I see the passion for freedom in each of the young people,""",Abdoulaye Bathily,https://en.wikiquote.org/wiki/Abdoulaye_Bathily
"“I encourage them in this. Naturally, with humility, things must be improved. It is through struggle that we liberate ourselves. It is not through submission that we liberate ourselves,”",Abdoulaye Bathily,https://en.wikiquote.org/wiki/Abdoulaye_Bathily
"""When we talk about peace and security, it is the main area of challenge in Africa. Out of 16 peacekeeping operations in the world, nine are in Africa and most of these conflicts are in Central Africa and partly in West Africa. Of course, we know that the major course of these conflicts stem from governance issues. It also has to do with our attitude as Africans to manage our diversities in our countries after independence.""",Abdoulaye Bathily,https://en.wikiquote.org/wiki/Abdoulaye_Bathily
"""Africa needs to integrate in trade. We need to develop energy and mining and to avoid what I call the Berlin syndrome.""",Abdoulaye Bathily,https://en.wikiquote.org/wiki/Abdoulaye_Bathily
"""Democracy is enshrined through human beings and societies. It is not something theoretical. It stems out of the aspirations of the people.""",Abdoulaye Bathily,https://en.wikiquote.org/wiki/Abdoulaye_Bathily
"The crowd will follow a leader who marches twenty steps in advance; but if he is a thousand steps in front of them, they do not see and do not follow him, and any literary freebooter who chooses may shoot him with impunity.",Georg Brandes,https://en.wikiquote.org/wiki/Georg_Brandes
"The stream of time sweeps away errors, and leaves the truth for the inheritance of humanity.",Georg Brandes,https://en.wikiquote.org/wiki/Georg_Brandes
It would be as impossible for me to attack Christianity as it would be impossible for me to attack werewolves.,Georg Brandes,https://en.wikiquote.org/wiki/Georg_Brandes
"""[of Kierkegaard 's behavior towards his ex-fiance Regine] There isn't the slightest reason to condemn him, but every call to attempt to understand him"". ""[Kierkegaard is] the mystery, the great mystery"".",Georg Brandes,https://en.wikiquote.org/wiki/Georg_Brandes
"He maintains that culture shows itself above all else in a unity of artistic style running through every expression of a nation's life. On the other hand, the fact of having learnt much and knowing much is, as he points out, neither a necessary means to culture nor a sign of culture; it accords remarkably well with barbarism, that is to say, with want of style or a motley hotchpotch of styles.",Georg Brandes,https://en.wikiquote.org/wiki/Georg_Brandes
"Nietzsche asks how it has come about that so prodigious a contradiction can exist as that between the lack of true culture and the self-satisfied belief in actually possessing the only true one and he finds the answer in the circumstance that a class of men has come to the front which no former century has known, and to which (in 1873) he gave the name of  “Culture-Philistines.”",Georg Brandes,https://en.wikiquote.org/wiki/Georg_Brandes
What is public opinion? It is private indolence.,Georg Brandes,https://en.wikiquote.org/wiki/Georg_Brandes
"Nietzsche says that as soon as he had read a single page of Schopenhauer, he knew he would read every page of him and pay heed to every word, even to the errors he might find. Every intellectual aspirant will be able to name men whom he has read in this way.",Georg Brandes,https://en.wikiquote.org/wiki/Georg_Brandes
The society of the Culture-Philistines makes life a burden to exceptional men.,Georg Brandes,https://en.wikiquote.org/wiki/Georg_Brandes
"We need only think of the number of talented men who sooner or later make their apologies and concessions to philistinism, so as to be permitted to exist.",Georg Brandes,https://en.wikiquote.org/wiki/Georg_Brandes
The great man is not the child of his age but its step-child.,Georg Brandes,https://en.wikiquote.org/wiki/Georg_Brandes
The educator shall help the young to educate themselves in opposition to the age.,Georg Brandes,https://en.wikiquote.org/wiki/Georg_Brandes
"It appears to [Nietzsche] that the modern age has produced for imitation three types of man … First, Rousseau’s man, the Titan who raises himself … and in his need calls upon holy nature. Then Goethe’s man … a spectator of the world … [Third] Schopenhauer’s man … voluntarily takes upon himself the pain of telling the truth.",Georg Brandes,https://en.wikiquote.org/wiki/Georg_Brandes
"Forgetfulness, the unhistorical, is … the atmosphere, in which alone life can come into being. In order to understand it, let us imagine a youth who is seized with a passion for a woman, or a man who is swayed by a passion for his work. In both cases what lies behind them has ceased to exist and yet this state (the most unhistorical that can be imagined) is that in which every action, every great deed is conceived and accomplished.",Georg Brandes,https://en.wikiquote.org/wiki/Georg_Brandes
"History, in [Nietzsche’s] view, belongs to him who is fighting a great fight, and who needs examples, teachers and comforters, but cannot find them among his contemporaries. Without history the mountain chain of great men’s great moments, which runs through millennia, could not stand clearly and vividly before me.",Georg Brandes,https://en.wikiquote.org/wiki/Georg_Brandes
"The historian is looked upon as objective when he measures the past by the popular opinions of his own time, as subjective when he does not take these opinions for models. That man is thought best fitted to depict a period of the past, who is not in the least affected by that period. But only he who has a share in building up the future can grasp what the past has been, and only when transformed into a work of art can history arouse or even sustain instincts.",Georg Brandes,https://en.wikiquote.org/wiki/Georg_Brandes
Greatness has nothing to do with results or with success.,Georg Brandes,https://en.wikiquote.org/wiki/Georg_Brandes
"Why you exist, says Nietzsche with Søren Kierkegaard, nobody in the world can tell you in advance; but since you do exist, try to give your existence a meaning by setting up for yourself as lofty and noble a goal as you can.",Georg Brandes,https://en.wikiquote.org/wiki/Georg_Brandes
"The masses are only to be regarded as one of three things: either as copies of great personalities, bad copies, clumsily produced in a poor material, or as foils to the great, or finally as their tools",Georg Brandes,https://en.wikiquote.org/wiki/Georg_Brandes
"But what of the voice and judgment of conscience? The difficulty is that we have a conscience behind our conscience, an intellectual one behind the moral. … We can see quite well that our opinions of what is noble and good, our moral valuations, are powerful levers where action is concerned; but we must begin by refining these opinions and independently creating for ourselves new tables of values.",Georg Brandes,https://en.wikiquote.org/wiki/Georg_Brandes
"Instead of trying to educate the human race, they should imitate the pedagogues of the seventeenth and eighteenth centuries, who concentrated their efforts on the education of a single person.",Georg Brandes,https://en.wikiquote.org/wiki/Georg_Brandes
"Since fresh examples and proofs could always be found of the alleged relation between guilt and punishment: if you behave in such and such a way, it will go badly with you. Now, as it generally does go badly, the allegation was constantly confirmed; and thus popular morality, a pseudo- science on a level with popular medicine, continually gained ground.",Georg Brandes,https://en.wikiquote.org/wiki/Georg_Brandes
"What [Nietzsche] calls slave morality is to him purely spite-morality; and this spite-morality gave new names to all ideals. Thus impotence, which offers no reprisal, became goodness; craven baseness became humility; submission to him who was feared became obedience; inability to assert one’s self became reluctance to assert one’s self, became forgiveness, love of one’s enemies. Misery became a distinction",Georg Brandes,https://en.wikiquote.org/wiki/Georg_Brandes
"Those [Christians] had left to love on earth were then: brothers and sisters in hatred, whom they called then: brothers and sisters in love.",Georg Brandes,https://en.wikiquote.org/wiki/Georg_Brandes
"For long ages, too, no notice whatever was taken of the criminal’s “sin”; he was regarded as harmful, not guilty, and looked upon as a piece of destiny; and the criminal on his side took his punishment as a piece of destiny which had overtaken him, and bore it with the same fatalism … In general we may say that punishment tames the man, but does not make him “better.”",Georg Brandes,https://en.wikiquote.org/wiki/Georg_Brandes
"What has here happened is that the instinct of cruelty, which has turned inwards, has become self-torture, and all man’s animal instincts have been reinterpreted as guilt towards God. Every Nay man utters to his nature, to his real being, he flings out as a Yea, an affirmation of reality applied to God’s sanctity",Georg Brandes,https://en.wikiquote.org/wiki/Georg_Brandes
"Under the dominion of the priests our earth became the ascetic planet; a squalid den careering through space, peopled by discontented and arrogant creatures, who were disgusted with life, abhorred their globe as a vale of tears, and who in their envy and hatred of beauty and joy did themselves as much harm as possible.",Georg Brandes,https://en.wikiquote.org/wiki/Georg_Brandes
[Nietzsche] attributes to himself an extremely vivid and sensitive instinct of cleanliness. At the first contact the filth lying at the base of another’s nature is revealed to him. The unclean are therefore ill at ease in his presence,Georg Brandes,https://en.wikiquote.org/wiki/Georg_Brandes
"The loathing of mankind is a force that surprises and overwhelms one, fed by hundreds of springs concealed his subconsciousness. One only detects its presence after having long entertained it unawares.",Georg Brandes,https://en.wikiquote.org/wiki/Georg_Brandes
The motto of science is not just Pauca but rather Plurima ex paucissimis — the most out of the least.,Mario Bunge,https://en.wikiquote.org/wiki/Mario_Bunge
"A definitely undesirable rationale sustaining the cult of simplicity is of a metaphysical nature: namely, the wish to attain the ultimate atoms of experience and/or reality ... this drive, which feeds metaphysical fundamentalism, is dangerous because it leads to postulating the final simplicity of some form of experience or some kind of substance thereby barring any inquiry into their structure.",Mario Bunge,https://en.wikiquote.org/wiki/Mario_Bunge
"If one aims to judge political movements, their deeds are far more important than their speeches, which are often masking rather than revealing.",Mario Bunge,https://en.wikiquote.org/wiki/Mario_Bunge
"Bunge: In September I will be 90 years old. Reporter: You look very youthful. Bunge: That's because I avoid alcohol, tobacco, and postmodernism.",Mario Bunge,https://en.wikiquote.org/wiki/Mario_Bunge
"The fact that a great many scientists signed Faustian pacts with the war devil throughout the twentieth century has given science a bad name, and has discouraged many able youngsters from pursuing a scientific career.",Mario Bunge,https://en.wikiquote.org/wiki/Mario_Bunge
In academia much bogus knowledge is tolerated in the name of academic freedom – which is like allowing for the sale of contaminated food in the name of free enterprise. I submit that such tolerance is suicidal: that the serious students must be protected against the “anything goes” crowd.,Mario Bunge,https://en.wikiquote.org/wiki/Mario_Bunge
At all times pseudoprofound aphorisms have been more popular than rigorous arguments.,Mario Bunge,https://en.wikiquote.org/wiki/Mario_Bunge
Mario Bunge - page at the McGill University,Mario Bunge,https://en.wikiquote.org/wiki/Mario_Bunge
"Regretting having to die should be structurally identical to regretting being born, because it is not in our power being born in a non-mortal way.",Julio Cabrera,https://en.wikiquote.org/wiki/Julio_Cabrera
"The best would have been not to be born. Not being born is, in a negative ethics, the absolute good; but it is, precisely, the good that cannot be sought. (Attention: the situation is more radical than in the case of goods that can be sought but never achieved; not being born cannot even be sought).",Julio Cabrera,https://en.wikiquote.org/wiki/Julio_Cabrera
"Young children continue to cry a lot for several years; they cry and cry endlessly; they may bother us often, but they are right and we have to be moved by their crying and accept it as a perfectly fair reaction to what has been done to them; some cry until quite advanced ages, until finding other forms of protest and manifestation of their suffering; even as adults, we continue to cry in a variety of ways.",Julio Cabrera,https://en.wikiquote.org/wiki/Julio_Cabrera
"Parents know perfectly well that they are giving a product of doubtful quality only for their own accomplishment and happiness; in admitting that the person may want to return it, they themselves fully realize the dubious value of the gift.",Julio Cabrera,https://en.wikiquote.org/wiki/Julio_Cabrera
"The problem is that they come here and talk about their philosophical problems in their language, and we go there and talk about their philosophical problems in their language.",Julio Cabrera,https://en.wikiquote.org/wiki/Julio_Cabrera
"We do not just live in an English-speaking world. We live in an English-writing and English-reading world, an English thinking-world. If we write philosophy in Spanish or Portuguese (for example), our thoughts simply do not come into existence; they remain in a kind of limbo, not even as bad or trivial (this would show some kind of visibility), but as not existent at all.",Julio Cabrera,https://en.wikiquote.org/wiki/Julio_Cabrera
"Killing someone and giving birth to someone are two violent actions through which, magically, man tries to put himself in God’s place. The victim of a homicide is always helpless, but never as helpless as the victim of a birth. There is as much innocent blood spilled in a childbirth as in a homicide. If procreation is a free choice, then life is fundamentally unnecessary pain.",Julio Cabrera,https://en.wikiquote.org/wiki/Julio_Cabrera
"If freedom, according to traditional morality itself, is a fundamental ethical value, the very basis of ethics, one must be aware that the creation of a child may be the first huge disrespect of the freedom of the human person. The issue of freedom suffers here from the same problem as the issue of pain: it is a matter of ethical value that the traditional affirmative ethics is unable to radicalize.",Julio Cabrera,https://en.wikiquote.org/wiki/Julio_Cabrera
"Philosophers have always spoken of life as a ""preparation for death"", and of philosophy as a ""learning to die"". But there is a wisdom prior to that: learning to abstain; not putting anyone in the situation of having to learn to die.",Julio Cabrera,https://en.wikiquote.org/wiki/Julio_Cabrera
"We are not nihilistic towards life - it is life that is nihilistic towards us. It is life that denies us, expels us, and kills us. Do we not want to live intensely and forever? Are we the ones denying life? Is it not life that denies us day by day?",Julio Cabrera,https://en.wikiquote.org/wiki/Julio_Cabrera
"It is not morality that denies life - it is life that denies itself, that kills itself by killing us. Life is suicidal. We try to live intensely, but life, intensely, kills us. Life itself is skeptical - it doesn't believe in anything it creates. It creates only to destroy what it has created. It doesn't need nihilists to deny itself, nor does it need suicides to commit suicide. We suffer because we are part of life's suicide weapon, part of what it daily kills.",Julio Cabrera,https://en.wikiquote.org/wiki/Julio_Cabrera
"I start from the perspective that all that philosophers thought and developed in terms of reflection on language, whatever their perspective and methodology of access (analytic, hermeneutics, phenomenology, transcendental philosophy, critique of ideologies, psychoanalysis) should be considered as ""philosophy of language"" (...) My idea is that these issues are best viewed not from a single perspective, but from the confluence of several of them.",Julio Cabrera,https://en.wikiquote.org/wiki/Julio_Cabrera
"To paraphrase what Norberto Bobbio (...) once said about Marxism, ""one of my favorite phrases is that today one cannot be a good Marxist being only a Marxist. But the Marxist has an irresistible tendency to be just... Marxist, ""one could say that today one cannot be a good analytic philosopher being only analytical. But the analytic has an irresistible tendency to be just... analytical.",Julio Cabrera,https://en.wikiquote.org/wiki/Julio_Cabrera
"(...) ""meanings"", besides having objective dimensions, are also hermeneutic and temporal-historical instances, precisely those that the analytical philosophize cannot grasp, because they are situated beyond their limits of understanding. ""Meanings"" are instances that can only be fully studied by other philosophies of language, capable of incorporating these experiential elements.",Julio Cabrera,https://en.wikiquote.org/wiki/Julio_Cabrera
"Heidegger's text [On the Essence of Language] will not be indicative of an object already made, but will consist of clues about how to live an experience with speech, an experience that is not ""narrated"" in the text, but elicited by him. The text will try to put the reader in a kind of scope or ""environment"" that gives opportunity to this experience.",Julio Cabrera,https://en.wikiquote.org/wiki/Julio_Cabrera
"Let us think, for example, of the experience of speaking a foreign language and what happens when one speaks ""perfectly and without error"", when one speaks German ""as a German"", and in what happens, on the contrary, when one speaks imperfectly, when, through the babble of one who ""does not master a language"", a vital dimension is shown that is hidden in the perfectly ""dominated"" language.",Julio Cabrera,https://en.wikiquote.org/wiki/Julio_Cabrera
"Psychoanalysis is not science. But very few things are science. Nor is Kant's ethics a science, but it is a high-level reflection about the human being in his relation with the world, as is Freud's reflection. What seems curious is the scarce insistence about the fact that Kantian ethics is not science, while everyone seems so preoccupied with stressing the non-scientificity of psychoanalysis.",Julio Cabrera,https://en.wikiquote.org/wiki/Julio_Cabrera
"The study of ""lexical inferences"" (if they exist) should be something that oscillates (...) between ML [Mathematical Logic] and informal logic. In historical terms, we like to say that this is a wittgensteinean undertaking of the intermediate period (...) something that has already passed beyond the deception of the one-dimensional semantics of the Tractatus, but which has not yet fallen into the dense multidimensionality of Philosophical Investigations (...)",Julio Cabrera,https://en.wikiquote.org/wiki/Julio_Cabrera
"Wouldn't much of what Heidegger, for example, tries to say, almost without success, forcing the German language, forcing it to generate difficultly intelligible phrases, or Hegel's attempts to think the work of the concept ""temporarily"" putting it ""on movement"" wouldn't be much better exposed through the images arising from the calm and thoughtful displacement of a cinematic camera?",Julio Cabrera,https://en.wikiquote.org/wiki/Julio_Cabrera
"Cinema does not eliminate the requirement of truth and universality, but (...) redefines them within the logopathic phenomenon (...) the universality of cinema is peculiar, it belongs more to the order of possibility than to necessity. Cinema is universal, not in the sense of ""necessarily happens to everyone"", but in the sense of ""could happen to anyone""",Julio Cabrera,https://en.wikiquote.org/wiki/Julio_Cabrera
"(...) the cinematographic image cannot show without questioning, without destructuring, repositioning, twisting, distorting. Cinema cannot be the pure ""record of the real"" that the photographic conception of cinema usually formulates (and which currents like Italian neorealism have tried to take advantage of).",Julio Cabrera,https://en.wikiquote.org/wiki/Julio_Cabrera
"By exerting this effect of shock, visual violence, assault on sensibility, aggressiveness in the show, it is possible for the viewer to acquire acute awareness of a moral or epistemological problem as may not happen to him by reading a treatise on the subject. This ""sensitization of concepts"" may even question some of the traditional solutions of philosophical questions offered by the concept written throughout the history of philosophy (...)",Julio Cabrera,https://en.wikiquote.org/wiki/Julio_Cabrera
"By exerting this effect of shock, visual violence, assault on sensibility, aggressiveness in the activity of showing, it is possible for the viewer to acquire acute awareness of a moral or epistemological problem as may not happen to him by reading a treatise on the subject. This ""sensitization of concepts"" may even question some of the traditional solutions of philosophical questions offered by the concept written throughout the history of philosophy (...)",Julio Cabrera,https://en.wikiquote.org/wiki/Julio_Cabrera
"Films do not ""have"" a meaning that has to be interpreted, but they establish with the viewer an interrelationship from which an unintended meaning arises which was nowhere waiting to be found.",Julio Cabrera,https://en.wikiquote.org/wiki/Julio_Cabrera
"Blow-up [Antonioni] shows what Descartes says: our senses deceive us. However, there is no cogito in the images of this film that helps to overcome the unbearable state of doubt provoked by the ambiguity of the facts. Thomas [the young photographer of this film] cannot protect himself in any cozy subjectivity; on the contrary, it is his subjectivity that is stolen by the mysterious force of things.",Julio Cabrera,https://en.wikiquote.org/wiki/Julio_Cabrera
"(...) Paradoxically, the silent cinema inaugurates the act of saying, and the audio cinema the act of silencing. Saying does not need words, but silencing does. The lack of sound was not a ""limitation"" for silent movies, but rather the lack of silence. And this does not seem to be a strictly Wittgensteinian type of limit.",Julio Cabrera,https://en.wikiquote.org/wiki/Julio_Cabrera
"Helplessness is hidden or camouflaged under the professionalised forms of philosophizing, both in analytical philosophy and in the studies of the ""experts on Nietzsche"". The fragility intrinsic to all philosophizing (all living) is disguised as an apparently firm, secure and technical way of ""mastering subjects"" and constructing arguments. But even there, philosophizing cannot hide its original helplessness.",Julio Cabrera,https://en.wikiquote.org/wiki/Julio_Cabrera
"Once you have the view , although the delusory perceptions of samsara may arise in your mind , you will be like the sky; when a rainbow appears in front of it, it’s not particularly flattered, and when the clouds appear, it’s not particularly disappointed either. There is a deep sense of contentment . You chuckle from inside as you see the facade of samsara and nirvana ; the View will keep you constantly amused, with a little inner smile bubbling away all the time.",Dilgo Khyentse,https://en.wikiquote.org/wiki/Dilgo_Khyentse
"If your mind is constantly preoccupied by your money and possessions, you are in reality only preparing the ground for rebirth as a spirit tortured by hunger and thirst. If your thoughts are obsessed with your family and loved ones, you are only strengthening the pangs of separation you will suffer when you die.",Dilgo Khyentse,https://en.wikiquote.org/wiki/Dilgo_Khyentse
"To have devotion constantly in your mind will endow you with lasting serenity and satisfaction. Remembering even the name of your  is enough to completely transform your perceptions. Visualizing the guru above the crown of your head, even for an instant, can dissipate the veils of illusion .",Dilgo Khyentse,https://en.wikiquote.org/wiki/Dilgo_Khyentse
Devotion is the ring that allows the hook of the teacher’s compassion to pull you out of the mire of samsara.,Dilgo Khyentse,https://en.wikiquote.org/wiki/Dilgo_Khyentse
"Even if death were to fall upon you today like lightning, you must be ready to die without sadness and regret, without any residue of clinging for what is left behind. Remaining in the recognition of the absolute view, you should leave this life like an eagle soaring up into the blue sky....",Dilgo Khyentse,https://en.wikiquote.org/wiki/Dilgo_Khyentse
"When death finally comes you will welcome it like an old friend, aware of how dreamlike and impermanent the whole phenomenal world really is.",Dilgo Khyentse,https://en.wikiquote.org/wiki/Dilgo_Khyentse
"Never forget how swiftly this life will be over, like a flash of summer lightning or the wave of a hand. Now that you have the opportunity to practice dharma, do not waste a single moment on anything else.",Dilgo Khyentse,https://en.wikiquote.org/wiki/Dilgo_Khyentse
"Not long ago your conciousness was wandering alone. Swept by karma , it took its present birth. Soon, like a hair pulled out of butter, Leaving everything behind, you’ll go on alone.",Dilgo Khyentse,https://en.wikiquote.org/wiki/Dilgo_Khyentse
"This body of ours, which we cherish so dearly, will turn into a corpse that our friends and family will only want to dispose of as quickly as possible.",Dilgo Khyentse,https://en.wikiquote.org/wiki/Dilgo_Khyentse
"If you continue investigating, you will find that there is nothing anywhere, not even a single atom, that has a verifiable existence.",Dilgo Khyentse,https://en.wikiquote.org/wiki/Dilgo_Khyentse
"Recitation of the mantra helps achieve perfection in the six practices from generosity to wisdom. The path of these six perfections is the path walked by all the Buddhas of the three times. What could then be more meaningful than to say the mantra and accomplish the six perfections?""",Dilgo Khyentse,https://en.wikiquote.org/wiki/Dilgo_Khyentse
"Om Mani Pädme Hum is the compassionate wisdom of all the Buddhas manifested as sound. Within it is contained the essential meaning of all eighty-four thousand sections of the Buddha's teachings. Of all the many mantras of various kinds, such as awareness mantras... and secret mantras... not one is superior to the six syllables of Chenrezi. The great benefits of reciting this mantra, commonly known as the mani, are described again and again...",Dilgo Khyentse,https://en.wikiquote.org/wiki/Dilgo_Khyentse
"There’s no time , no time! There’s no time to rest! When suddenly death is upon you, what will you do? Now you’d better start practicing the sublime Dharma right away; Now, quick, hurry-recite the six-syllable mantra.",Dilgo Khyentse,https://en.wikiquote.org/wiki/Dilgo_Khyentse
"When buddhas look at samsara with the eyes of their omniscience, they do not see it as an enjoyable place. They are acutely aware of the sufferings of beings... and they see how senseless are the pointless, temporary goals that beings try so hard to attain.",Dilgo Khyentse,https://en.wikiquote.org/wiki/Dilgo_Khyentse
It is important to become more and more clearly convinced that the only thing worth achieving is supreme enlightenment.,Dilgo Khyentse,https://en.wikiquote.org/wiki/Dilgo_Khyentse
"Contemplate death and the sufferings of samsara, and you will not want to waste a single moment in pointless distractions and activities, such as trying to get rich, defeating your enemies, or spending your life protecting and furthering the interests of those to whom you are attached.  You will only want to practice the Dharma .",Dilgo Khyentse,https://en.wikiquote.org/wiki/Dilgo_Khyentse
"As you progress through these three steps, spiritual qualities will naturally arise, and you will see the truth of the teachings. Those qualities will bloom spontaneously because the buddha nature within you is being revealed.",Dilgo Khyentse,https://en.wikiquote.org/wiki/Dilgo_Khyentse
"The buddha nature, or tathagatagarbha, is present in all beings, but is hidden by obscurations, in the same way that buried gold is hidden by the earth under which it lies. As you listen to, reflect, and meditate on the Dharma, all the inherent qualities of your buddha nature will be actualized.",Dilgo Khyentse,https://en.wikiquote.org/wiki/Dilgo_Khyentse
"When a field has been carefully prepared and planted with seeds, and all favorable conditions are present, such as temperature, moisture, and warmth, the seeds will germinate and grow into crops.  It is said that there is nothing, however difficult, that cannot become easy through familiarization. If you persevere in the practice of these instructions, you can be sure of achieving results.",Dilgo Khyentse,https://en.wikiquote.org/wiki/Dilgo_Khyentse
"In my native land waves of attachment to friends and kin surge, Hatred for enemies rages like fire, The darkness of stupidity, not caring what to adopt or avoid, thickens - To abandon my native land is the practice of a bodhisattva",Dilgo Khyentse,https://en.wikiquote.org/wiki/Dilgo_Khyentse
"So, rather than stay near the people and things that are liable to arouse your attachment and resentment, go to a completely unknown place where there is nothing that will engender negative emotions . Your mind will not be disturbed, and you will be able to devote your time and energy to the practice of Dharma .",Dilgo Khyentse,https://en.wikiquote.org/wiki/Dilgo_Khyentse
As it is said: Go hundreds of miles away From places of dispute; Don't stay for an instant Where disturbing emotions prevail.,Dilgo Khyentse,https://en.wikiquote.org/wiki/Dilgo_Khyentse
"As time goes on, it will become obvious through your practice of the Dharma that hatred toward anyone is a mistake . You will have nothing but good thoughts and intentions toward all beings . So, too, the pointlessness of becoming attached to anyone and anything will also become obvious, and you will see that all objects of attachment are like things perceived in dreams, like phantasmagoric illusions .",Dilgo Khyentse,https://en.wikiquote.org/wiki/Dilgo_Khyentse
"Ultimately, the reason why love and compassion bring the greatest happiness is simply that our nature cherishes them above all else. The need for love lies at the very foundation of human existence. It results from the profound interdependence we all share with one another.","Tenzin Gyatso, 14th Dalai Lama","https://en.wikiquote.org/wiki/Tenzin_Gyatso,_14th_Dalai_Lama"
"I believe that at every level of society - familial, tribal, national and international - the key to a happier and more successful world is the growth of compassion. We do not need to become religious, nor do we need to believe in an ideology. All that is necessary is for each of us to develop our good human qualities. I try to treat whoever I meet as an old friend. This gives me a genuine feeling of happiness.  It is the practice of compassion.","Tenzin Gyatso, 14th Dalai Lama","https://en.wikiquote.org/wiki/Tenzin_Gyatso,_14th_Dalai_Lama"
"It is very important to generate a good attitude, a good heart, as much as possible. From this, happiness in both the short term and the long term for both yourself and others will come.","Tenzin Gyatso, 14th Dalai Lama","https://en.wikiquote.org/wiki/Tenzin_Gyatso,_14th_Dalai_Lama"
"There is a saying in Tibetan that “at the door of the miserable rich man sleeps the contented beggar” . The point of this saying is not that poverty is a virtue, but that happiness does not come with wealth, but from setting limits to one’s desires, and living within those limits with satisfaction.","Tenzin Gyatso, 14th Dalai Lama","https://en.wikiquote.org/wiki/Tenzin_Gyatso,_14th_Dalai_Lama"
"Religion does not mean just precepts, a temple, monastery, or other external signs, for these as well as hearing and thinking are subsidiary factors in taming the mind. When the mind becomes the practices, one is a practitioner of religion, and when the mind does not become the practices one is not.","Tenzin Gyatso, 14th Dalai Lama","https://en.wikiquote.org/wiki/Tenzin_Gyatso,_14th_Dalai_Lama"
Great wealth can only be obtained through deception and corruption.,"Tenzin Gyatso, 14th Dalai Lama","https://en.wikiquote.org/wiki/Tenzin_Gyatso,_14th_Dalai_Lama"
"I feel that the essence of spiritual practice is your attitude toward others. When you have a pure, sincere motivation, then you have right attitude toward others based on kindness, compassion, love and respect. Practice brings the clear realisation of the oneness of all human beings and the importance of others benefiting by your actions.","Tenzin Gyatso, 14th Dalai Lama","https://en.wikiquote.org/wiki/Tenzin_Gyatso,_14th_Dalai_Lama"
It is the enemy who can truly teach us to practice the virtues of compassion and tolerance.,"Tenzin Gyatso, 14th Dalai Lama","https://en.wikiquote.org/wiki/Tenzin_Gyatso,_14th_Dalai_Lama"
"I am a simple Buddhist monk — no more, no less.","Tenzin Gyatso, 14th Dalai Lama","https://en.wikiquote.org/wiki/Tenzin_Gyatso,_14th_Dalai_Lama"
Dr. Rajendra Prasad was a true Bodhisatva. His humility brought tears to my eyes.,"Tenzin Gyatso, 14th Dalai Lama","https://en.wikiquote.org/wiki/Tenzin_Gyatso,_14th_Dalai_Lama"
"Don't compare me with Jesus . He is a great master, a great master...","Tenzin Gyatso, 14th Dalai Lama","https://en.wikiquote.org/wiki/Tenzin_Gyatso,_14th_Dalai_Lama"
"I believe that in the 20th century, humanity has learned from many, many experiences. Some positive, and many negative. What misery, what destruction! The greatest number of human beings were killed in the two world wars of this century. But human nature is such that when we face a tremendous critical situation, the human mind can wake up and find some other alternative. That is a human capacity.","Tenzin Gyatso, 14th Dalai Lama","https://en.wikiquote.org/wiki/Tenzin_Gyatso,_14th_Dalai_Lama"
Reason well from the beginning and then there will never be any need to look back with confusion and doubt.,"Tenzin Gyatso, 14th Dalai Lama","https://en.wikiquote.org/wiki/Tenzin_Gyatso,_14th_Dalai_Lama"
Human happiness and human satisfaction must ultimately come from within oneself. It is wrong to expect some final satisfaction to come from money or from a computer.,"Tenzin Gyatso, 14th Dalai Lama","https://en.wikiquote.org/wiki/Tenzin_Gyatso,_14th_Dalai_Lama"
"Bodhicitta is the medicine which revives and gives life to every sentient being who even hears of it. When you engage in fulfilling the needs of others, your own needs are fulfilled as a by-product.","Tenzin Gyatso, 14th Dalai Lama","https://en.wikiquote.org/wiki/Tenzin_Gyatso,_14th_Dalai_Lama"
"It is also possible within this lifetime to enhance the power of the mind, enabling one to reaccess memories from previous lives. Such recollection tends to be more accessible during meditative experiences in the dream state. Once one has accessed memories of previous lives in the dream state, one gradually recalls them in the waking state.","Tenzin Gyatso, 14th Dalai Lama","https://en.wikiquote.org/wiki/Tenzin_Gyatso,_14th_Dalai_Lama"
"If there is love, there is hope that one may have real families, real brotherhood, real equanimity, real peace. If the love within your mind is lost and you see other beings as enemies, then no matter how much knowledge or education or material comfort you have, only suffering and confusion will ensue","Tenzin Gyatso, 14th Dalai Lama","https://en.wikiquote.org/wiki/Tenzin_Gyatso,_14th_Dalai_Lama"
"If you want others to be happy, practice compassion. If you want to be happy, practice compassion.","Tenzin Gyatso, 14th Dalai Lama","https://en.wikiquote.org/wiki/Tenzin_Gyatso,_14th_Dalai_Lama"
"Within the body there are billions of different particles. Similarly, there are many different thoughts and a variety of states of mind. It is wise to take a close look into the world of your mind and to make the distinction between beneficial and harmful states of mind. Once you can recognize the value of good states of mind, you can increase or foster them.","Tenzin Gyatso, 14th Dalai Lama","https://en.wikiquote.org/wiki/Tenzin_Gyatso,_14th_Dalai_Lama"
"Compassion without attachment is possible. Therefore, we need to clarify the distinctions between compassion and attachment. True compassion is not just an emotional response but a firm commitment founded on reason. Therefore, a truly compassionate attitude towards others does not change even if they behave negatively. Genuine compassion is based not on our own projections and expectations, but rather on the needs of the other...","Tenzin Gyatso, 14th Dalai Lama","https://en.wikiquote.org/wiki/Tenzin_Gyatso,_14th_Dalai_Lama"
"According to Buddhism, individuals are masters of their own destiny. And all living beings are believed to possess the nature of the Primordial Buddha Samantabhadra , the potential or seed of enlightenment, within them. So our future is in our own hands. What greater free will do we need?","Tenzin Gyatso, 14th Dalai Lama","https://en.wikiquote.org/wiki/Tenzin_Gyatso,_14th_Dalai_Lama"
"We need a little more compassion, and if we cannot have it then no politician or even a magician can save the planet.","Tenzin Gyatso, 14th Dalai Lama","https://en.wikiquote.org/wiki/Tenzin_Gyatso,_14th_Dalai_Lama"
"Compassion and tolerance are not a sign of weakness, but a sign of strength.","Tenzin Gyatso, 14th Dalai Lama","https://en.wikiquote.org/wiki/Tenzin_Gyatso,_14th_Dalai_Lama"
Each of us has the potential to contribute … You have a great opportunity to make a new shape of the world.,"Tenzin Gyatso, 14th Dalai Lama","https://en.wikiquote.org/wiki/Tenzin_Gyatso,_14th_Dalai_Lama"
"Conflicts do not arise out of the blue. They occur as a result of causes and conditions, many of which are within the antagonists’ control. This is where leadership is important. Terrorism cannot be overcome by the use of force because it does not address the underlying problems. In fact the use of force may not only fail to solve the problems, it may exacerbate them, and frequently leaves destruction and suffering in its wake.","Tenzin Gyatso, 14th Dalai Lama","https://en.wikiquote.org/wiki/Tenzin_Gyatso,_14th_Dalai_Lama"
"Love and compassion are necessities, not luxuries. Without them humanity cannot survive.","Tenzin Gyatso, 14th Dalai Lama","https://en.wikiquote.org/wiki/Tenzin_Gyatso,_14th_Dalai_Lama"
"My confidence in venturing into science lies in my basic belief that as in science so in Buddhism, understanding the nature of reality is pursued by means of critical investigation : if scientific analysis were conclusively to demonstrate certain claims in Buddhism to be false, then we must accept the findings of science and abandon those claims.","Tenzin Gyatso, 14th Dalai Lama","https://en.wikiquote.org/wiki/Tenzin_Gyatso,_14th_Dalai_Lama"
"If science proves some belief of Buddhism wrong, then Buddhism will have to change. In my view, science and Buddhism share a search for the truth and for understanding reality. By learning from science about aspects of reality where its understanding may be more advanced, I believe that Buddhism enriches its own worldview.","Tenzin Gyatso, 14th Dalai Lama","https://en.wikiquote.org/wiki/Tenzin_Gyatso,_14th_Dalai_Lama"
"All major religious traditions carry basically the same message, that is love, compassion and forgiveness … the important thing is they should be part of our daily lives.","Tenzin Gyatso, 14th Dalai Lama","https://en.wikiquote.org/wiki/Tenzin_Gyatso,_14th_Dalai_Lama"
[Tibetan Buddhism is] not just for Tibetans: it can do good for billions of people in our modern world.,"Tenzin Gyatso, 14th Dalai Lama","https://en.wikiquote.org/wiki/Tenzin_Gyatso,_14th_Dalai_Lama"
"The Tibetan state is located between two of the world's great powers, India and China. Good relations between these powers are crucial for world peace. Tibet has an important role to play.","Tenzin Gyatso, 14th Dalai Lama","https://en.wikiquote.org/wiki/Tenzin_Gyatso,_14th_Dalai_Lama"
"Media people should have long noses like an elephant to smell out politicians, mayors, prime ministers and businessmen. We need to know the reality, the good and the bad, not just the appearance.","Tenzin Gyatso, 14th Dalai Lama","https://en.wikiquote.org/wiki/Tenzin_Gyatso,_14th_Dalai_Lama"
"The time has come to educate people, to cease all quarrels in the name of religion, culture, countries, different political or economic systems. Fighting is useless. Suicide.","Tenzin Gyatso, 14th Dalai Lama","https://en.wikiquote.org/wiki/Tenzin_Gyatso,_14th_Dalai_Lama"
If a woman reveals herself as more useful the lama could very well be reincarnated in this form.,"Tenzin Gyatso, 14th Dalai Lama","https://en.wikiquote.org/wiki/Tenzin_Gyatso,_14th_Dalai_Lama"
"Forgiveness doesn't mean forget what happened. … If something is serious and it is necessary to take counter-measures, you have to take counter-measures.","Tenzin Gyatso, 14th Dalai Lama","https://en.wikiquote.org/wiki/Tenzin_Gyatso,_14th_Dalai_Lama"
"To remain indifferent to the challenges we face is indefensible. If the goal is noble, whether or not it is realized within our lifetimes is largely irrelevant. What we must do, therefore, is to strive and persevere and never give up.","Tenzin Gyatso, 14th Dalai Lama","https://en.wikiquote.org/wiki/Tenzin_Gyatso,_14th_Dalai_Lama"
I think Europe belongs to the Europeans,"Tenzin Gyatso, 14th Dalai Lama","https://en.wikiquote.org/wiki/Tenzin_Gyatso,_14th_Dalai_Lama"
"Time is always moving on; nothing can stop it. We can’t change the past, but we can shape the future. The more compassionate you are, the more you will find inner peace.","Tenzin Gyatso, 14th Dalai Lama","https://en.wikiquote.org/wiki/Tenzin_Gyatso,_14th_Dalai_Lama"
"According to today’s reality, thinking in terms of ‘my self, my family, my nation’ has become unrealistic. An individual’s future is now linked to the entire humanity and planet, to a happier humanity and a healthier world... it’s an encouraging sign that young people like Thunberg are genuinely concerned for the future of the planet....  Eventually Tibet may become a desert, some scientists say.","Tenzin Gyatso, 14th Dalai Lama","https://en.wikiquote.org/wiki/Tenzin_Gyatso,_14th_Dalai_Lama"
"first here, then I think finally here also. And suck my tongue","Tenzin Gyatso, 14th Dalai Lama","https://en.wikiquote.org/wiki/Tenzin_Gyatso,_14th_Dalai_Lama"
"On the political front, we have always pursued the path of truth and justice in our struggle for the legitimate rights of the Tibetan people. We have never indulged in distortions, exaggerations and criticism of the Chinese people. Neither have we harboured any ill will towards them. Above all, we have always held to our position of truth and justice without siding with any of the international political power blocks.","Tenzin Gyatso, 14th Dalai Lama","https://en.wikiquote.org/wiki/Tenzin_Gyatso,_14th_Dalai_Lama"
"As we enter the final decade of this century I am optimistic that the ancient values that have sustained mankind are today reaffirming themselves to prepare us for a kinder, happier twenty-first century. I pray for all of us, oppressor and friend, that together we succeed in building a better world through human understanding and love, and that in doing so we may reduce the pain and suffering of all sentient beings.","Tenzin Gyatso, 14th Dalai Lama","https://en.wikiquote.org/wiki/Tenzin_Gyatso,_14th_Dalai_Lama"
"When I meet people in different parts of the world, I am always reminded that we are all basically alike: we are all human beings. Maybe we have different clothes, our skin is of a different colour, or we speak different languages. That is on the surface. But basically, we are the same human beings. That is what binds us to each other. That is what makes it possible for us to understand each other and to develop friendship and closeness.","Tenzin Gyatso, 14th Dalai Lama","https://en.wikiquote.org/wiki/Tenzin_Gyatso,_14th_Dalai_Lama"
"Because we all share this small planet earth, we have to learn to live in harmony and peace with each other and with nature. That is not just a dream, but a necessity. We are dependent on each other in so many ways, that we can no longer live in isolated communities and ignore what is happening outside those communities, and we must share the good fortune that we enjoy.","Tenzin Gyatso, 14th Dalai Lama","https://en.wikiquote.org/wiki/Tenzin_Gyatso,_14th_Dalai_Lama"
"I speak not with a feeling of anger or hatred towards those who are responsible for the immense suffering of our people and the destruction of our land, homes and culture. They too are human beings who struggle to find happiness and deserve our compassion. I speak to inform you of the sad situation in my country today and of the aspirations of my people, because in our struggle for freedom, truth is the only weapon we possess.","Tenzin Gyatso, 14th Dalai Lama","https://en.wikiquote.org/wiki/Tenzin_Gyatso,_14th_Dalai_Lama"
"Today, we are truly a global family. What happens in one part of the world may affect us all. This, of course, is not only true of the negative things that happen, but is equally valid for the positive developments. We not only know what happens elsewhere, thanks to the extraordinary modern communications technology. We are also directly affected by events that occur far away.","Tenzin Gyatso, 14th Dalai Lama","https://en.wikiquote.org/wiki/Tenzin_Gyatso,_14th_Dalai_Lama"
"Peace can only last where human rights are respected, where the people are fed, and where individuals and nations are free. True peace with oneself and with the world around us can only be achieved through the development of mental peace.","Tenzin Gyatso, 14th Dalai Lama","https://en.wikiquote.org/wiki/Tenzin_Gyatso,_14th_Dalai_Lama"
"Inner peace is the key: if you have inner peace, the external problems do not affect your deep sense of peace and tranquility. In that state of mind you can deal with situations with calmness and reason, while keeping your inner happiness. That is very important. Without this inner peace, no matter how comfortable your life is materially, you may still be worried, disturbed or unhappy because of circumstances.","Tenzin Gyatso, 14th Dalai Lama","https://en.wikiquote.org/wiki/Tenzin_Gyatso,_14th_Dalai_Lama"
Responsibility does not only lie with the leaders of our countries or with those who have been appointed or elected to do a particular job. It lies with each one of us individually.,"Tenzin Gyatso, 14th Dalai Lama","https://en.wikiquote.org/wiki/Tenzin_Gyatso,_14th_Dalai_Lama"
"I am deeply touched by the sincere concern shown by so many people in this part of the world for the suffering of the people of Tibet. That is a source of hope not only for us Tibetans, but for all oppressed people.","Tenzin Gyatso, 14th Dalai Lama","https://en.wikiquote.org/wiki/Tenzin_Gyatso,_14th_Dalai_Lama"
"I would like to take this opportunity to explain the Zone of Ahimsa or peace sanctuary concept, which is the central element of the Five-Point Peace Plan. I am convinced that it is of great importance not only for Tibet, but for peace and stability in Asia. It is my dream that the entire Tibetan plateau should become a free refuge where humanity and nature can live in peace and in harmonious balance.","Tenzin Gyatso, 14th Dalai Lama","https://en.wikiquote.org/wiki/Tenzin_Gyatso,_14th_Dalai_Lama"
The following are key elements of the proposed Zone of Ahimsa:,"Tenzin Gyatso, 14th Dalai Lama","https://en.wikiquote.org/wiki/Tenzin_Gyatso,_14th_Dalai_Lama"
"For the stability and peace of Asia, it is essential to create peace zones to separate the continent's biggest powers and potential adversaries.","Tenzin Gyatso, 14th Dalai Lama","https://en.wikiquote.org/wiki/Tenzin_Gyatso,_14th_Dalai_Lama"
"When I visited Costa Rica earlier this year, I saw how a country can develop successfully without an army, to become a stable democracy committed to peace and the protection of the natural environment. This confirmed my belief that my vision of Tibet in the future is a realistic plan, not merely a dream.","Tenzin Gyatso, 14th Dalai Lama","https://en.wikiquote.org/wiki/Tenzin_Gyatso,_14th_Dalai_Lama"
"I believe that our Tibetan ability to combine spiritual qualities with a realistic and practical attitude enables us to make a special contribution, in however modest a way. This is my hope and prayer. In conclusion, let me share with you a short prayer which gives me great inspiration and determination:","Tenzin Gyatso, 14th Dalai Lama","https://en.wikiquote.org/wiki/Tenzin_Gyatso,_14th_Dalai_Lama"
"Old friends pass away, new friends appear. It is just like the days. An old day passes, a new day arrives. The important thing is to make it meaningful : a meaningful friend — or a meaningful day.","Tenzin Gyatso, 14th Dalai Lama","https://en.wikiquote.org/wiki/Tenzin_Gyatso,_14th_Dalai_Lama"
"Whether one believes in a religion or not, and whether one believes in rebirth or not, there isn't anyone who doesn't appreciate kindness and compassion .","Tenzin Gyatso, 14th Dalai Lama","https://en.wikiquote.org/wiki/Tenzin_Gyatso,_14th_Dalai_Lama"
"If I say, ""I am a monk."" or ""I am a Buddhist,"" these are, in comparison to my nature as a human being, temporary. To be human is basic.","Tenzin Gyatso, 14th Dalai Lama","https://en.wikiquote.org/wiki/Tenzin_Gyatso,_14th_Dalai_Lama"
"Today we face many problems. Some are created essentially by ourselves based on divisions due to ideology, religion, race, economic status, or other factors. Therefore, the time has come for us to think on a deeper level, on the human level, and from that level we should appreciate and respect the sameness of others as human beings.","Tenzin Gyatso, 14th Dalai Lama","https://en.wikiquote.org/wiki/Tenzin_Gyatso,_14th_Dalai_Lama"
"This is my simple religion. There is no need for temples; no need for complicated philosophy. Our own brain , our own heart is our temple; the philosophy is kindness .","Tenzin Gyatso, 14th Dalai Lama","https://en.wikiquote.org/wiki/Tenzin_Gyatso,_14th_Dalai_Lama"
"To study Buddhism and then use it as a weapon in order to criticize others' theories or ideologies is wrong . The very purpose of religion is to control yourself , not to criticize others. Rather, we must criticize ourselves. How much am I doing about my anger ? About my attachment, about my hatred , about my pride , my jealousy ? These are the things which we must check in daily life with the knowledge of the Buddhist teachings .","Tenzin Gyatso, 14th Dalai Lama","https://en.wikiquote.org/wiki/Tenzin_Gyatso,_14th_Dalai_Lama"
"As Buddhists, while we practice our own teaching, we must respect other faiths, Christianity, Judaism and so forth. We must recognize and appreciate their contributions over many past centuries to human society, and at this time we must strive to make common effort to serve humankind.","Tenzin Gyatso, 14th Dalai Lama","https://en.wikiquote.org/wiki/Tenzin_Gyatso,_14th_Dalai_Lama"
"Sectarian feelings and criticism of other teachings or other sects is very bad, poisonous, and should be avoided.","Tenzin Gyatso, 14th Dalai Lama","https://en.wikiquote.org/wiki/Tenzin_Gyatso,_14th_Dalai_Lama"
"It is necessary to help others, not only in our prayers, but in our daily lives. If we find we cannot help others, the least we can do is to desist from harming them.","Tenzin Gyatso, 14th Dalai Lama","https://en.wikiquote.org/wiki/Tenzin_Gyatso,_14th_Dalai_Lama"
"If there are sound reasons or bases for the points you demand, then there is no need for violence. On the other hand, when there is no sound reason that concessions should be made to you but mainly your own desire, then reason cannot work and you have to rely on force. Thus using force is not a sign of strength but rather a sign of weakness.","Tenzin Gyatso, 14th Dalai Lama","https://en.wikiquote.org/wiki/Tenzin_Gyatso,_14th_Dalai_Lama"
"As a result of more contact with people from other traditions, as time passes I have firmed my conviction that all religions can work together despite fundamental differences in philosophy. Every religion aims at serving humanity. Therefore, it is possible for the various religions to work together to serve humanity and contribute to world peace. So, during these last few years, at every opportunity I try to develop closer relations with other religions.","Tenzin Gyatso, 14th Dalai Lama","https://en.wikiquote.org/wiki/Tenzin_Gyatso,_14th_Dalai_Lama"
"Some say I am a good person, some say I am a charlatan — I am just a monk ... I never asked people like Richard Gere to come, but it is foolish to stop them. I have Tibetans, Indians, backpackers, AIDS patients, religious people, politicians, actors and princesses. My attitude is to give everyone some of my time. If I can contribute in any way to their happiness, that makes me happy.","Tenzin Gyatso, 14th Dalai Lama","https://en.wikiquote.org/wiki/Tenzin_Gyatso,_14th_Dalai_Lama"
"I don't want to convert people to Buddhism — all major religions, when understood properly, have the same potential for good.","Tenzin Gyatso, 14th Dalai Lama","https://en.wikiquote.org/wiki/Tenzin_Gyatso,_14th_Dalai_Lama"
"Fundamentalism is terrifying because it is based purely on emotion, rather than intelligence. It prevents followers from thinking as individuals and about the good of the world.","Tenzin Gyatso, 14th Dalai Lama","https://en.wikiquote.org/wiki/Tenzin_Gyatso,_14th_Dalai_Lama"
"The Dalai Lama said acts of violence should be remembered, and then forgiveness should be extended to the perpetrators. But if someone has a gun and is trying to kill you, he said, it would be reasonable to shoot back with your own gun. Not at the head, where a fatal wound might result. But at some other body part, such as a leg.","Tenzin Gyatso, 14th Dalai Lama","https://en.wikiquote.org/wiki/Tenzin_Gyatso,_14th_Dalai_Lama"
The Dalai Lama in his struggle for the liberation of Tibet consistently has opposed the use of violence. He has instead advocated peaceful solutions based upon tolerance and mutual respect in order to preserve the historical and cultural heritage of his people. The Dalai Lama has developed his philosophy of peace from a great reverence for all things living and upon the concept of universal responsibility embracing all mankind as well as nature.,"Tenzin Gyatso, 14th Dalai Lama","https://en.wikiquote.org/wiki/Tenzin_Gyatso,_14th_Dalai_Lama"
"I don't think China will negotiate. I think they are waiting for the Dalai Lama to die... The Chinese government feels he symbolizes the entire independence movement, and when he is gone, it will go away.","Tenzin Gyatso, 14th Dalai Lama","https://en.wikiquote.org/wiki/Tenzin_Gyatso,_14th_Dalai_Lama"
"You know, in 1968 I interviewed an extraordinary man. The most peaceful man, the most gentle, the most tolerant, wise man, than I've ever known... So I interrupted him and I asked him: ""Your Holiness, will you ever forgive your enemies?"" He looked at me in amazement. Surprised, perhaps offended, stunned. And with that beautiful, fresh, ringing voice, he exclaimed: ""Enemies? But I've never considered them enemies! I have no enemies! A Buddhist has no enemies"".","Tenzin Gyatso, 14th Dalai Lama","https://en.wikiquote.org/wiki/Tenzin_Gyatso,_14th_Dalai_Lama"
"I think the universality of His Holiness' words and teachings have made this so much bigger than just Tibet. When His Holiness won the Nobel Peace Prize, there was a quantum leap. He is not seen as solely a Tibetan anymore; he belongs to the world.","Tenzin Gyatso, 14th Dalai Lama","https://en.wikiquote.org/wiki/Tenzin_Gyatso,_14th_Dalai_Lama"
"Maybe the Dalai Lama is the only person who is totally honest, and even with him, he's skillful not to hurt anybody. He's skillful.","Tenzin Gyatso, 14th Dalai Lama","https://en.wikiquote.org/wiki/Tenzin_Gyatso,_14th_Dalai_Lama"
We used to say to the apartheid government... Come: join the winning side. His Holiness and the Tibetan people are on the winning side.,"Tenzin Gyatso, 14th Dalai Lama","https://en.wikiquote.org/wiki/Tenzin_Gyatso,_14th_Dalai_Lama"
"I give great thanks to God that he has created a Dalai Lama. Do you really think, as some have argued, that God will be saying: 'You know, that guy, the Dalai Lama, is not bad. What a pity he's not a Christian?","Tenzin Gyatso, 14th Dalai Lama","https://en.wikiquote.org/wiki/Tenzin_Gyatso,_14th_Dalai_Lama"
"I heard the Dalai Lama say that a British physicist had told him, “Every nation should view every other nation as a domestic partner.” That one small shift in thinking changes everything.","Tenzin Gyatso, 14th Dalai Lama","https://en.wikiquote.org/wiki/Tenzin_Gyatso,_14th_Dalai_Lama"
His Holiness the Dalai Lama at the Foundation for the Preservation of the Mahayana Tradition,"Tenzin Gyatso, 14th Dalai Lama","https://en.wikiquote.org/wiki/Tenzin_Gyatso,_14th_Dalai_Lama"
Tenzin Gyatso at the official Nobel Prize site.,"Tenzin Gyatso, 14th Dalai Lama","https://en.wikiquote.org/wiki/Tenzin_Gyatso,_14th_Dalai_Lama"
"""Compassion and the Individual"" by Tenzin Gyatso","Tenzin Gyatso, 14th Dalai Lama","https://en.wikiquote.org/wiki/Tenzin_Gyatso,_14th_Dalai_Lama"
His Holiness the Dalai Lama at Tibet.com,"Tenzin Gyatso, 14th Dalai Lama","https://en.wikiquote.org/wiki/Tenzin_Gyatso,_14th_Dalai_Lama"
"""XIVth Dalai Lama visits Harvard"" (September 2003)","Tenzin Gyatso, 14th Dalai Lama","https://en.wikiquote.org/wiki/Tenzin_Gyatso,_14th_Dalai_Lama"
"""The Private Dalai Lama"" by Ron Gluckman","Tenzin Gyatso, 14th Dalai Lama","https://en.wikiquote.org/wiki/Tenzin_Gyatso,_14th_Dalai_Lama"
His Holiness the Dalai Lama at LamRim.com Tibetan Buddhist Internet Radio,"Tenzin Gyatso, 14th Dalai Lama","https://en.wikiquote.org/wiki/Tenzin_Gyatso,_14th_Dalai_Lama"
"Our generation has the huge responsibility. Of course, such responsibility is accompanied by great honour. We have been chosen, we have a mission. Such mission cannot bring any to us as persons, to our generation, since the time in which our generation acts is the time of asceticism and sacrifices. Only those who are ready do sacrifice their own wellbeing, may say that we belong to the generation which saved Serbia: we are the people who are bringing about the new politics.",Zoran Đinđić,https://en.wikiquote.org/wiki/Zoran_Đinđić
"In order to make the changes work, the majority of members of society that has entered changes must wake up every morning with a feeling of the great historical moment, with the feeling of something big and extraordinary.",Zoran Đinđić,https://en.wikiquote.org/wiki/Zoran_Đinđić
"I believe that to deal with politics means to take responsibilities and not sit in churches. My political line has been the same for the past thirty years: I advocate urban, civilized and European country in opposition to dictatorship. What makes me different from others is that in Serbia intellectuals are the spectators, making analyses, smoking and grumbling. What I wish is to change the world.",Zoran Đinđić,https://en.wikiquote.org/wiki/Zoran_Đinđić
"My motto that keeps me in motion is do not give up. If you start passing the vehicles, hit the gas. Do what you believe is right, and not what the majority would support. Do not take any defeat personally. Never let the politics drive you crazy.",Zoran Đinđić,https://en.wikiquote.org/wiki/Zoran_Đinđić
"The secret of success lies in investing into education, as the wealthy countries do. This means not in technology and machines first. That would come later, with educated and qualified individuals. Considering that we are lagging behind reforms, the only way to make up for such gap is to have a non-linear development by making leaps, all of which would be have an education as a base. Education, training, knowledge, are the major driving forces of progress.",Zoran Đinđić,https://en.wikiquote.org/wiki/Zoran_Đinđić
"We are still in the position of those who cut the forest and planted some seedlings, and now are surprised that there is no shade. Do I worry that there is no shade? I do. Am I working on making the trees grow? I am, but it cannot grow in one year.",Zoran Đinđić,https://en.wikiquote.org/wiki/Zoran_Đinđić
"If anyone believes that the enforcement of laws will be stopped if I am done away with, that they are more than wrong, because I am not the system. The system will keep on functioning and no one will get amnesty by getting one or two state officials out of the way.",Zoran Đinđić,https://en.wikiquote.org/wiki/Zoran_Đinđić
Encyclopedic article on Zoran Đinđić on Wikipedia,Zoran Đinđić,https://en.wikiquote.org/wiki/Zoran_Đinđić
"Our predicates may furnish an impoverished taxonomy, but not an impoverished reality.",Crawford L. Elder,https://en.wikiquote.org/wiki/Crawford_L._Elder
"Technologies as users interacting with other technologies as prompters, through other in-between technologies: this is another way of describing hyperhistory as the stage of human development",Luciano Floridi,https://en.wikiquote.org/wiki/Luciano_Floridi
"One of the most obvious features that characterizes any technology is its in-betweenness. Suppose Alice lives in Rio de Janeiro, not in Oxford. A hat is a technology between her and the sunshine. A pair of sandals is a technology between her and the hot sand of the beach on which she is walking",Luciano Floridi,https://en.wikiquote.org/wiki/Luciano_Floridi
"The illusion that there might be a single, correct, absolute answer independently of context, purpose and perspective, that is independently of the relevant interface, leads to paradoxical nonsense",Luciano Floridi,https://en.wikiquote.org/wiki/Luciano_Floridi
"According to recent estimates, life on Earth will last for another billion years, until it will be destroyed by the increase in solar temperature",Luciano Floridi,https://en.wikiquote.org/wiki/Luciano_Floridi
The technophile and the technophobe ask the same question. What's next?,Luciano Floridi,https://en.wikiquote.org/wiki/Luciano_Floridi
"ICTs are modifying the very nature of, and hence what we mean by, reality, by transforming it into an infosphere. Infosphere is a neologism coined in the seventies. It is based on ‘biosphere’, a term referring to that limited region on our planet that supports life. It is also a concept that is quickly evolving.",Luciano Floridi,https://en.wikiquote.org/wiki/Luciano_Floridi
"In 2011, the total world wealth1 was calculated to be $231 trillion, up from $195 trillion in 2010.2 Since we are almost 7 billion, that was about $33,000 per person, or $51,000 per adult, as the report indicates. The figures give a clear sense of the level of inequality. In the same year, we spent $498 billion on advertisements.3”.",Luciano Floridi,https://en.wikiquote.org/wiki/Luciano_Floridi
Human beings differ from other animals because they are sufficiently intelligent to wish that they could stop working and reasoning – and free enough to toil harder than other creatures to pursue both these aims in order to eventually enjoy free time. It follows that Homo faber and Homo sapiens are only contingent consequences of the truly essential Homo ludens. The fact that philosophers do not typically endorse this view only clarifies why they rarely qualify as champions of common sense.,Luciano Floridi,https://en.wikiquote.org/wiki/Luciano_Floridi
The great opportunity offered by ICTs comes with a huge intellectual responsibility to understand them and take advantage of them in the right way.,Luciano Floridi,https://en.wikiquote.org/wiki/Luciano_Floridi
The design of good interfaces takes time and ingenuity,Luciano Floridi,https://en.wikiquote.org/wiki/Luciano_Floridi
"In short, human intelligent design (pun intended) should play a major role in shaping the future of our interactions with each other, with forthcoming technological artefacts, and with the infosphere we share among us and with them. After all, it is a sign of intelligence to make stupidity work for you.",Luciano Floridi,https://en.wikiquote.org/wiki/Luciano_Floridi
"When technologies are in-between human users and natural prompters, we may qualify them as first-order (Figure 13). Listing first-order technologies is simple. The ones mentioned earlier all qualify. More can easily be added, such as the plough, the wheel, or the umbrella. The axe is probably the first and oldest kind of first-order technology. Nowadays, a wood-splitting axe is still a first-order technology between you, the user, and the wood, the prompter. A saddle is between you and a horse",Luciano Floridi,https://en.wikiquote.org/wiki/Luciano_Floridi
"Nothing would please me more, but who else would pump the oil that we need? God damn America .",Muammar Gaddafi,https://en.wikiquote.org/wiki/Muammar_Gaddafi
Libya lived for 5000 years without oil and it is ready to live another 5000 years without it.,Muammar Gaddafi,https://en.wikiquote.org/wiki/Muammar_Gaddafi
"I have nothing to say to him Ronald Reagan , because he is mad. He is foolish. He is an Israeli dog.",Muammar Gaddafi,https://en.wikiquote.org/wiki/Muammar_Gaddafi
"I have a deep respect for the Circassians, and their historical suffering. They prefer to be called Adyghe and are a brave and faithful people who contributed to all countries in which they settled.",Muammar Gaddafi,https://en.wikiquote.org/wiki/Muammar_Gaddafi
"I am a fan of Atatürk . He is an excellent leader and has tremendous victories over westerners. But I don't like him. Because he turned Turkey into a nation-state. We are all Ottomans, but he refused this honor. Turkey abandoned us and after that we went into collapse. He is responsible for this.",Muammar Gaddafi,https://en.wikiquote.org/wiki/Muammar_Gaddafi
"When I met Nasser , he said to me, ""I see myself when I was young in you. You are the future for the Arab revolution."" This meant very, very much to me.",Muammar Gaddafi,https://en.wikiquote.org/wiki/Muammar_Gaddafi
Lincoln was a man who created himself from nothing without any help from outside or other people. I followed his struggles. I see certain similarities between him and me.,Muammar Gaddafi,https://en.wikiquote.org/wiki/Muammar_Gaddafi
"We [Libyans] support the Palestinian resistance, and all the world supports this. We support their just cause, but we are against terrorism .",Muammar Gaddafi,https://en.wikiquote.org/wiki/Muammar_Gaddafi
"Reagan is mad. If he were here, I would tell him the truth about us. He hears about us only through hostile sources.",Muammar Gaddafi,https://en.wikiquote.org/wiki/Muammar_Gaddafi
"Reagan plays with fire. He doesn't care about international peace . He plays as if he was in the theater. Reagan wants to dominate the world. He wants to find justification to make war . If he does this, if it goes on like this, a cataclysm will take place. Reagan should come and see that I am not a terrorist in a trench with a grenade in my pocket.",Muammar Gaddafi,https://en.wikiquote.org/wiki/Muammar_Gaddafi
My brother! You are my brother for the rest of my life!,Muammar Gaddafi,https://en.wikiquote.org/wiki/Muammar_Gaddafi
"I do not support peace in the Middle East . And I do not support Arafat . He is a stupid, incompetent fool!... The stupid fool is a zealot, a warrior, and a clever one. But he doesn't accomplish anything.",Muammar Gaddafi,https://en.wikiquote.org/wiki/Muammar_Gaddafi
The times of Arab nationalism and unity are gone forever. These ideas which mobilized the masses are only a worthless currency. Libya has had to put up with too much from the Arabs for whom it has poured forth both blood and money.,Muammar Gaddafi,https://en.wikiquote.org/wiki/Muammar_Gaddafi
"The Libyans said they'll buy their way out of these three [terrorism] black lists. We'll pay so much, to hell with $2 billion or more. It's not compensation. It's a price. The Americans said it was Libya who did it. It is known that the president was madman Reagan who's got Alzheimer's and has lost his mind. He now crawls on all fours.",Muammar Gaddafi,https://en.wikiquote.org/wiki/Muammar_Gaddafi
"The black people ’s struggle has vanquished racism . It was God who created colour. Today Obama, a son of Kenya , a son of Africa, has made it in the United States of America.",Muammar Gaddafi,https://en.wikiquote.org/wiki/Muammar_Gaddafi
"[Somali maritime violence] is a response to greedy Western nations, who invade and exploit Somalia 's water resources illegally. It is not a piracy, it is self defence. It is defending the Somalia children's food.",Muammar Gaddafi,https://en.wikiquote.org/wiki/Muammar_Gaddafi
"During my term in AU, I will initiate an organised compensation claim for Africa and I will fight for a greater voice for Africa in the United Nations Security Council . If they do not want to live with us fairly, it is our planet and they can go to another planet.",Muammar Gaddafi,https://en.wikiquote.org/wiki/Muammar_Gaddafi
"I am an international leader, the dean of the Arab rulers, the king of kings of Africa and the imam of Muslims , and my international status does not allow me to descend to a lower level.",Muammar Gaddafi,https://en.wikiquote.org/wiki/Muammar_Gaddafi
What's going on? … What you are doing is not allowed in Islamic law [ halal ]. What you are doing is forbidden in Islam [ haraam ]! … Do you know right from wrong?,Muammar Gaddafi,https://en.wikiquote.org/wiki/Muammar_Gaddafi
Let the free people of the world know that we could have bargained over and sold out our cause in return for a personal secure and stable life. We received many offers to this effect but we chose to be at the vanguard of the confrontation as a badge of duty and honour.,Muammar Gaddafi,https://en.wikiquote.org/wiki/Muammar_Gaddafi
"Irrespective of the conflict with America, it is a human duty to show sympathy with the American people and be with them at these horrifying and awesome events which are bound to awaken human conscience. When I was five, my brother was shot by an Israeli soldier, since then I have been dedicated to uniting the Arab countries throughout the Middle East and retain a trade flow with the west.",Muammar Gaddafi,https://en.wikiquote.org/wiki/Muammar_Gaddafi
There is no state with a democracy except Libya on the whole planet.,Muammar Gaddafi,https://en.wikiquote.org/wiki/Muammar_Gaddafi
"In the Middle East, the opposition is quite different than the opposition in advanced countries. In our countries, the opposition takes the form of explosions , assassinations , killings .",Muammar Gaddafi,https://en.wikiquote.org/wiki/Muammar_Gaddafi
"It was our hope that Libya with its revolution would become a model of freedom , popular democracy and a state free from oppression and injustice. However Libya became another conventional state, even a dictatorial or police state . This is deeply regrettable. We are not like that, nor do we want to be like that.",Muammar Gaddafi,https://en.wikiquote.org/wiki/Muammar_Gaddafi
"We have 50 million Muslims in Europe. There are signs that Allah will grant Islam victory in Europe—without swords, without guns, without conquest—will turn it into a Muslim continent within a few decades.",Muammar Gaddafi,https://en.wikiquote.org/wiki/Muammar_Gaddafi
"There are serious mistakes, among them the one saying that Jesus came as a messenger for other people other than the sons of Israel.… Christianity is not a faith for people in Africa, Asia, Europe and the Americas . Other people who are not sons of Israel have nothing to do with that religion.… It is a mistake that another religion exists alongside Islam. There is only one religion which is Islam after Mohammed .… All those believers who do not follow Islam are losers.",Muammar Gaddafi,https://en.wikiquote.org/wiki/Muammar_Gaddafi
"Whenever I ask about Pepsi-Cola or Coca-Cola , people immediately say it is an American or European drink. This is not true. The kola is African. They have taken the cheap raw material from us. They produced it, they made it into a drink, and they sell it to us for a high price. Why are Pepsi-Cola and Coca-Cola expensive? Because they have taken our kola, produced it, and sold it back to us. We should produce it ourselves and sell it to them.",Muammar Gaddafi,https://en.wikiquote.org/wiki/Muammar_Gaddafi
"We created the first Fatimid Caliphate, and we will create the second.",Muammar Gaddafi,https://en.wikiquote.org/wiki/Muammar_Gaddafi
"Cairo can’t escapes its Fatimid destiny, Cairo is Cairo of Al-Muizz.",Muammar Gaddafi,https://en.wikiquote.org/wiki/Muammar_Gaddafi
"What is Al-Azhar, it’s Masjid Al-Fatima Al-Zahra.",Muammar Gaddafi,https://en.wikiquote.org/wiki/Muammar_Gaddafi
"I am not going to leave this land. I will die as a martyr at the end. I shall remain, defiant. Muammar is Leader of the Revolution until the end of time.",Muammar Gaddafi,https://en.wikiquote.org/wiki/Muammar_Gaddafi
I am a Bedouin warrior who brought glory to Libya and will die a martyr .,Muammar Gaddafi,https://en.wikiquote.org/wiki/Muammar_Gaddafi
The integrity of China was more important than [the people] in Tiananmen Square .,Muammar Gaddafi,https://en.wikiquote.org/wiki/Muammar_Gaddafi
"I salute you, Youth of Conquest, Youth of Nationalism, Youth of the Fatimids.",Muammar Gaddafi,https://en.wikiquote.org/wiki/Muammar_Gaddafi
Those rats … were attacked by the masses tonight and we eliminated them.,Muammar Gaddafi,https://en.wikiquote.org/wiki/Muammar_Gaddafi
"We will fight in every valley, in every street, in every oasis, and every town. We won't surrender again; we are not women; we will keep fighting.",Muammar Gaddafi,https://en.wikiquote.org/wiki/Muammar_Gaddafi
"I call on the Libyan people, men and women, to go out into the squares and the streets in all the cities in their millions. … Go peacefully... be courageous, rise up, go to the streets, raise our green flags to the skies. … Don't be afraid of anyone. You are the people. You have right on your side. You are the rightful people of this land.",Muammar Gaddafi,https://en.wikiquote.org/wiki/Muammar_Gaddafi
"The final step is when the new socialist society reaches the stage where profit and money disappear. It is through transforming society into a fully productive society, and through reaching in production a level where the material needs of the members of society are satisfied. On that final stage, profit will automatically disappear and there will be no need for money.",Muammar Gaddafi,https://en.wikiquote.org/wiki/Muammar_Gaddafi
The most tyrannical dictatorships the world has known have existed under the aegis of parliaments .,Muammar Gaddafi,https://en.wikiquote.org/wiki/Muammar_Gaddafi
"Man’s freedom is lacking if somebody else controls what he needs, for need may result in man’s enslavement of man.",Muammar Gaddafi,https://en.wikiquote.org/wiki/Muammar_Gaddafi
Popular congresses are the only means to achieve popular democracy. Any system of government other than popular congresses is undemocratic.,Muammar Gaddafi,https://en.wikiquote.org/wiki/Muammar_Gaddafi
"As you know too well democracy and building of civil society cannot be achieved by means of missiles and aircraft, or by backing armed member of AlQuaeda in Benghazi.",Muammar Gaddafi,https://en.wikiquote.org/wiki/Muammar_Gaddafi
"You — yourself — said on many occasions, one of them in the UN General Assembly, I was witness to that personally, that America is not responsible for the security of other peoples. That America helps only. This is the right logic.",Muammar Gaddafi,https://en.wikiquote.org/wiki/Muammar_Gaddafi
"Our dear son, Excellency, Baraka Hussein Abu oumama, your intervention is the name of the U.S.A. is a must, so that Nato would withdraw finally from the Libyan affair. Libya should be left to Libyans within the African union frame. The problem now stands as follows:-",Muammar Gaddafi,https://en.wikiquote.org/wiki/Muammar_Gaddafi
1. There is Nato intervention politically as well as military.,Muammar Gaddafi,https://en.wikiquote.org/wiki/Muammar_Gaddafi
"2. Terror conducted by AlQaueda gangs that have been armed in some cities, and by force refused to allow people to go back to their normal life, and carry on with exercising their social people’s power as usual.",Muammar Gaddafi,https://en.wikiquote.org/wiki/Muammar_Gaddafi
"Why should we be closer to the Soviets? Because the Americans have challenged us. America is involved in a conspiracy [against the Arab world], primarily because of its policy toward Israel. In our view, whoever is against the Americans stands with us. The enemy of your enemy is your friend.",Muammar Gaddafi,https://en.wikiquote.org/wiki/Muammar_Gaddafi
"Israel is a colonialist-imperialist phenomenon. There is no such thing as an Israeli people. Before 1948, world geography knew of no state such as Israel. Israel is the result of an invasion , of aggression .",Muammar Gaddafi,https://en.wikiquote.org/wiki/Muammar_Gaddafi
"The science you enjoy now is the science we taught you. The medicine you treat yourselves with is the medicine we gave you. It’s the same with the astronomy you know, the mathematics , the literature , the art ...",Muammar Gaddafi,https://en.wikiquote.org/wiki/Muammar_Gaddafi
"I think these Western phenomena derive from capitalist society. They’re movements denoting rejection of a society that has to be torn down. Whether they are called the Red Brigades or the hippies or the Beatles or the Children of God . And even though I’m against kidnappings and hijackings , I don’t want to interfere with what they’re doing.",Muammar Gaddafi,https://en.wikiquote.org/wiki/Muammar_Gaddafi
"We are not responsible for what might be done with the weapons we give to the Palestinians. We give them to the Palestinians because we believe in their cause and we believe we have a duty to help them. What happens afterwards is none of my business. If I am to be found guilty by proxy, I prefer charges that are direct. But there is no proof.",Muammar Gaddafi,https://en.wikiquote.org/wiki/Muammar_Gaddafi
"Revolution is when the masses make the revolution. A people’s revolution. But even when the revolution is made by others in the name of the masses, expressing what the masses want, it can be revolution. A people’s revolution because it has the support of the masses and interprets the will of the masses.",Muammar Gaddafi,https://en.wikiquote.org/wiki/Muammar_Gaddafi
"I staged a coup d’état and the workers staged the revolution, occupying the factories, becoming partners instead of employees, eliminating the monarchic administration and setting up people’s committees. In short, they liberated themselves. Students did the same. Today in Libya, only the people count.",Muammar Gaddafi,https://en.wikiquote.org/wiki/Muammar_Gaddafi
"Hitler and Mussolini exploited the support of the masses to rule the people. We revolutionaries enjoy the support of the masses to help the people become capable of ruling themselves on their own. I myself am constantly appealing to the masses to govern on their own. I say to my people: ‘If you love me, listen to me. And govern yourselves on your own’. That’s why they love me because, unlike Hitler, who said ‘I’ll do it all for you’, I say ‘Do it on your own.",Muammar Gaddafi,https://en.wikiquote.org/wiki/Muammar_Gaddafi
"When everyone is part of the people’s congress, what need is there for an opposition? Opposition to what? You oppose a government! If there is no government, and the people govern themselves on their own, what are they going to oppose? Something that isn’t there?",Muammar Gaddafi,https://en.wikiquote.org/wiki/Muammar_Gaddafi
We believe America is practicing all kinds of terrorism against Libya. Even the accusation that we are involved in terrorism is in itself an act of terrorism.,Muammar Gaddafi,https://en.wikiquote.org/wiki/Muammar_Gaddafi
"I have nothing but scorn for the notion of an Islamic bomb. There is no such thing as an Islamic bomb or a Christian bomb. Any such weapon is a means of terrorizing humanity, and we are against the manufacture and acquisition of nuclear weapons. This is in line with our definition of—and opposition to—terrorism.",Muammar Gaddafi,https://en.wikiquote.org/wiki/Muammar_Gaddafi
Africa is closer to me in every way than Iraq or Syria.,Muammar Gaddafi,https://en.wikiquote.org/wiki/Muammar_Gaddafi
"Libya is an African country. May Allah help the Arabs and keep them away from us. We don't want anything to do with them. They did not fight with us against the Italians, and they did not fight with us against the Americans. They did not lift the sanctions and siege from us. On the contrary, they gloated at us, and benefited from our hardship….",Muammar Gaddafi,https://en.wikiquote.org/wiki/Muammar_Gaddafi
I won't be a party to a conspiracy to mobilize the Arabs against the Persians. Only the forces of colonialism benefit from such a conspiracy. I won't be a party to a conspiracy that splits Islam into two - Shiite Islam and Sunni Islam – mobilizing Sunni Islam against Shiite Islam.,Muammar Gaddafi,https://en.wikiquote.org/wiki/Muammar_Gaddafi
"I am defending the Jews to prevent them from becoming extinct, because they are doomed to become extinct if they continue this way.… I am convinced that the solution is to establish a democratic state for the Jews and the Palestinians, a state that will be called Palestine, Isratine, or whatever they want. This is the fundamental solution, or else the Jews will be annihilated in the future, because the Palestinians have [strategic] depth.",Muammar Gaddafi,https://en.wikiquote.org/wiki/Muammar_Gaddafi
"I am not the leader of Libya, I am the leader of the Revolution, the revolution is part of the past and took place in 1969, Consequently. There's no need to talk about one will replace me. I do not have any power to delegate to my successor. The power lies with the people.",Muammar Gaddafi,https://en.wikiquote.org/wiki/Muammar_Gaddafi
"I think it is peaceful and civil ... civilian activity for investigation of space, or something like this.",Muammar Gaddafi,https://en.wikiquote.org/wiki/Muammar_Gaddafi
Interviewer : How about al Qaeda? Gaddafi : Where is al Qaeda? Al Qaeda's in Europe. Al Qaeda is here in New York.,Muammar Gaddafi,https://en.wikiquote.org/wiki/Muammar_Gaddafi
"America interferes in the internal affairs, uses threats of military force, interferes in elections and the type of government. In Africa, America preaches what it does not practice in its own affairs inside the US.",Muammar Gaddafi,https://en.wikiquote.org/wiki/Muammar_Gaddafi
"I want provocation. People should take to the streets. Smash those dogs, and tell them: ""you traitors will bring us the British.""",Muammar Gaddafi,https://en.wikiquote.org/wiki/Muammar_Gaddafi
"What's wrong with the Spanish ? Tell them they do not appreciate their own interests. Tell them we will recognize the Basques . Threaten them with this, and recognize Andalusia .",Muammar Gaddafi,https://en.wikiquote.org/wiki/Muammar_Gaddafi
Oil is like drugs . Find the commodity smugglers. Many are adventurous; they will buy from you at a discount and they don't care about embargoes.,Muammar Gaddafi,https://en.wikiquote.org/wiki/Muammar_Gaddafi
"I take this opportunity to reiterate my thanks and my appreciation to my dear Brother Leader Muammar Gaddafi, Leader of the Libyan revolution, for his honourable initiative that our people have received with great satisfaction and of facilitating the movement and activities of Tunisian Libya sister and treat them just like the Libyans. This confirms a sincere brotherhood and the strong support we have always received from him and to the brotherly Libyan people.",Muammar Gaddafi,https://en.wikiquote.org/wiki/Muammar_Gaddafi
"Love him or not, we must recognize that this is one of the greatest African leaders who influenced several generations, including mine, and found in the constancy and courage of his positions what we research in a hero. In a word: pride.",Muammar Gaddafi,https://en.wikiquote.org/wiki/Muammar_Gaddafi
A man who I have always admired.,Muammar Gaddafi,https://en.wikiquote.org/wiki/Muammar_Gaddafi
"The way he was martyred on behest of imperialist forces indicates that he was anti-imperialist, brave, courageous and a great revolutionary.",Muammar Gaddafi,https://en.wikiquote.org/wiki/Muammar_Gaddafi
"Gaddafi was a great leader, a true revolutionary who should not be confused with the new Libyan leadership swept into power by NATO's bayonets and by oil multinationals.",Muammar Gaddafi,https://en.wikiquote.org/wiki/Muammar_Gaddafi
"Liberator of Libya, He will be remembered as a great fighter, a revolutionary and martyr.",Muammar Gaddafi,https://en.wikiquote.org/wiki/Muammar_Gaddafi
"We came, we saw, he died. [laughter]",Muammar Gaddafi,https://en.wikiquote.org/wiki/Muammar_Gaddafi
He's stupid. He's clinically stupid... He's the most stupid of all.,Muammar Gaddafi,https://en.wikiquote.org/wiki/Muammar_Gaddafi
"Libya is really keen to learn from us... Gaddafi has so many questions. He's particularly anxious to know how we manage our economy, warded off our currency attackers and live harmoniously in a society such as ours. He's a different person now compared to what he was before he's more open, more receptive to ideas on developing his country. He is beginning to understand and accept that peace and harmony are necessary for national development.",Muammar Gaddafi,https://en.wikiquote.org/wiki/Muammar_Gaddafi
He is intelligent and effectively capable of anything. But I think he has gone too far in this crisis and it is going to be very difficult for him to remain in power.,Muammar Gaddafi,https://en.wikiquote.org/wiki/Muammar_Gaddafi
"I know something of the good of Moammar Gadhafi that made me to love him as a brother and to feel a great sense of loss at his assassination, He died in honor, fighting for the Libya that he believed in.",Muammar Gaddafi,https://en.wikiquote.org/wiki/Muammar_Gaddafi
"He died as a hero, Allah will bless him, oil diggers will be punished.",Muammar Gaddafi,https://en.wikiquote.org/wiki/Muammar_Gaddafi
This man did more than all the revolutionaries.,Muammar Gaddafi,https://en.wikiquote.org/wiki/Muammar_Gaddafi
"Look, I can't take that Mister Gaddafi seriously at all. I can only wish him well in serving his country as I am serving mine, and can only remind him that he shouldn't squeal so loudly.",Muammar Gaddafi,https://en.wikiquote.org/wiki/Muammar_Gaddafi
"We know that this mad dog of the Middle East has a goal of a world revolution , Muslim fundamentalist revolution, which is targeted on many of his own Arab compatriots. And where we figure in that, I don't know. Maybe we're just the enemy because—it's a little like climbing Mount Everest —because we're here. But there's no question but that he has singled us out more and more for attack, and we're aware of that. As I say, we're gathering evidence as fast as we can.",Muammar Gaddafi,https://en.wikiquote.org/wiki/Muammar_Gaddafi
Colonel Gaddafi's Libya (May 2006),Muammar Gaddafi,https://en.wikiquote.org/wiki/Muammar_Gaddafi
ANALYSIS-Gaddafi's hand seen in Chad objections to UN force (April 2007),Muammar Gaddafi,https://en.wikiquote.org/wiki/Muammar_Gaddafi
Libyan Leader Muammar al-Gaddafi,Muammar Gaddafi,https://en.wikiquote.org/wiki/Muammar_Gaddafi
Gaddafi Speech in Arabic (25 February 2011),Muammar Gaddafi,https://en.wikiquote.org/wiki/Muammar_Gaddafi
"Metaethics is more basic, since it studies how to select moral principles and thus how to do normative ethics.",Harry J. Gensler,https://en.wikiquote.org/wiki/Harry_J._Gensler
"CR sees the world as neatly divided into distinct societies. Each one has little or no moral disagreement, since the majority view determines what is right or wrong in that society. But the world isn’t like that. [...] CR ignores the subgroup problem. We all belong to overlapping groups. [...] CR doesn’t try to establish common norms between societies.",Harry J. Gensler,https://en.wikiquote.org/wiki/Harry_J._Gensler
"I was born in the East Indies, once the cradle of poetry, philosophy and history and now their tomb. I belong to that race which composed the Mahabharata and invented chess. But this nation which made codes of it's poems and formulated politics in a game is no longer alive! It survives imprisoned in it's own country. I asked for India liberty and light; as for myself, more happy than my countrymen, i am free - civis sum.",Francisco Luís Gomes,https://en.wikiquote.org/wiki/Francisco_Luís_Gomes
To men of liberal principles and to mankind it is perfectly indifferent whether India is called English or Brahmanical; what they cannot consent to is that the domination be exploitation instead of paternal tutelage.,Francisco Luís Gomes,https://en.wikiquote.org/wiki/Francisco_Luís_Gomes
"The most powerful instruments of civilization are two - the Christian religion, and education.",Francisco Luís Gomes,https://en.wikiquote.org/wiki/Francisco_Luís_Gomes
Cholera and the Thug were born in the same country and in the same year. India is their native land.,Francisco Luís Gomes,https://en.wikiquote.org/wiki/Francisco_Luís_Gomes
"Portugal converted a portion of India to the Catholic religion with the arms of her soldiers, with the blood of her martyrs, with the miracles of her saints, and with the fires of her Inquisition. Those who were vanquished in this struggle became Christians and Portuguese. England might imitate the example, except as regards force.",Francisco Luís Gomes,https://en.wikiquote.org/wiki/Francisco_Luís_Gomes
"We do not have monarchies by divine right, we do not lack influential and wealthy clergy, we do not want rich families between the crown and the people. What we are looking for is equal rights for the people, and uniform distribution of goods. It is time for democratizing the right to property.",Francisco Luís Gomes,https://en.wikiquote.org/wiki/Francisco_Luís_Gomes
"What use is equality in theory and in law, if it does not penetrate into our customs?",Francisco Luís Gomes,https://en.wikiquote.org/wiki/Francisco_Luís_Gomes
Gambling is the contraction of all vices into one.,Francisco Luís Gomes,https://en.wikiquote.org/wiki/Francisco_Luís_Gomes
All impartial men who are moved by justice and not by racialism want India to be ruled by Indians.,Francisco Luís Gomes,https://en.wikiquote.org/wiki/Francisco_Luís_Gomes
"It is said that the law of Christ governs European civilization. That is a lie. It shines on it's surface, but does not penetrate to it's entrails.",Francisco Luís Gomes,https://en.wikiquote.org/wiki/Francisco_Luís_Gomes
"It is necessary that the principles of liberty, equality and fraternity, eternal in their duration, be universal in their application, that being realized in institutions, law and customs, they spread over the surface of the globe and filter down to it's lowest strata. Only then shall the regeneration of man be accomplished.",Francisco Luís Gomes,https://en.wikiquote.org/wiki/Francisco_Luís_Gomes
The revolt was the sepoy; the revolution would have been the people; the revolt was revenge; the revolution would have been the Idea; the revolt was the cruel Vishnu; the revolution would have been the mild Shiva.,Francisco Luís Gomes,https://en.wikiquote.org/wiki/Francisco_Luís_Gomes
"Ethics is the science of duties, and it's principles, perceived by reason, and revealed to us by conscience.",Francisco Luís Gomes,https://en.wikiquote.org/wiki/Francisco_Luís_Gomes
The biography of a minister is bound to be a work of moral and political importance.,Francisco Luís Gomes,https://en.wikiquote.org/wiki/Francisco_Luís_Gomes
"Being a good administrator and a bad politician, Pombal was not always a happy legislator.",Francisco Luís Gomes,https://en.wikiquote.org/wiki/Francisco_Luís_Gomes
His glory and greatness suffer from the wrongs he did his fellow men and from the methods he employed.,Francisco Luís Gomes,https://en.wikiquote.org/wiki/Francisco_Luís_Gomes
"The thinkers or the wise live beyond their death. Theirs is an eternal youth, like trees forever blossoming. I wish to pay my respects to the thinker in him, as well as to the brilliance and immortality in the eternal youth of knowledge.",Francisco Luís Gomes,https://en.wikiquote.org/wiki/Francisco_Luís_Gomes
"Goan contemporaries of Francisco Luís Gomes, like the late Dr. Panduranga S.S. Pissurlencar of our own days were archivists of documents and had little critical work to their credit. Francisco Luís Gomes towered far above these scholars, displaying in his ""Marquis the Pombal"" in a sufficiently high degree all the qualities that are demanded of a competent historian - zest for truth, objectivity, critical acumen, accuracy and thoroughness.",Francisco Luís Gomes,https://en.wikiquote.org/wiki/Francisco_Luís_Gomes
"Evil will come to nought and will be completely destroyed. The divine, pure goodness will contain in itself every nature endowed with reason; nothing made by God is excluded from his kingdom once everything mixed with some elements of  base material has been consumed by refinement in fire.",Gregory of Nyssa,https://en.wikiquote.org/wiki/Gregory_of_Nyssa
"As virtue is a thing that has no master, that is, is free, everything that is free will be united with virtue.",Gregory of Nyssa,https://en.wikiquote.org/wiki/Gregory_of_Nyssa
"Indeed, it was for this that intelligent beings came into existence; namely, that the riches of the Divine blessings should not lie idle. The All-creating Wisdom fashioned these souls, these receptacles with free wills, as vessels as it were, for this very purpose, that there should be some capacities able to receive His blessings and become continually larger with the inpouring of the stream.",Gregory of Nyssa,https://en.wikiquote.org/wiki/Gregory_of_Nyssa
"People who look down from some high peak on a vast sea below, probably feel what my mind has felt, looking out from the sublime words of the Lord as from a mountain-top at the inexhaustible depth of their meaning.",Gregory of Nyssa,https://en.wikiquote.org/wiki/Gregory_of_Nyssa
"Every concept that comes from some comprehensible image, by an approximate understanding and by guessing at the Divine nature, constitutes an idol of God and does not proclaim God.",Gregory of Nyssa,https://en.wikiquote.org/wiki/Gregory_of_Nyssa
Who gives you the day will give you also the things necessary for the day.,Gregory of Nyssa,https://en.wikiquote.org/wiki/Gregory_of_Nyssa
"If we truly think of Christ as our source of holiness, we shall refrain from anything wicked or impure in thought or act and thus show ourselves to be worthy bearers of his name. For the quality of holiness is shown not by what we say but by what we do in life.",Gregory of Nyssa,https://en.wikiquote.org/wiki/Gregory_of_Nyssa
God's name is not known; it is wondered at.,Gregory of Nyssa,https://en.wikiquote.org/wiki/Gregory_of_Nyssa
Il cielo e non la terra è la patria dell'uomo.,Gregory of Nyssa,https://en.wikiquote.org/wiki/Gregory_of_Nyssa
"Ogni atto che si estende da Dio al creato... ha origine nel Padre, procede attraverso il Figlio ed è completato dallo Spirito Santo.[",Gregory of Nyssa,https://en.wikiquote.org/wiki/Gregory_of_Nyssa
"Colui che si trova nella luce non vede tenebre, così colui che ha il suo occhio fisso in Cristo, non può contemplare che splendore.",Gregory of Nyssa,https://en.wikiquote.org/wiki/Gregory_of_Nyssa
"La parola di Dio, infatti, promette la vita proprio come effetto della morte.",Gregory of Nyssa,https://en.wikiquote.org/wiki/Gregory_of_Nyssa
"Noi siamo ciechi di fronte a tutte quelle cose che riguardano la caducità della vita, perché fissiamo l'occhio verso le cose di lassù.",Gregory of Nyssa,https://en.wikiquote.org/wiki/Gregory_of_Nyssa
Quanti si dilettano di realtà perenni e di valori autentici sono ritenuti sciocchi da chi non ha la vera sapienza.,Gregory of Nyssa,https://en.wikiquote.org/wiki/Gregory_of_Nyssa
"Rimaniamo imperfetti e immaturi, finché non si è formata in noi, come dice l'Apostolo, «l'immagine di Cristo».",Gregory of Nyssa,https://en.wikiquote.org/wiki/Gregory_of_Nyssa
"Se l'anima solleverà gli occhi verso il suo capo, che è Cristo, come dichiara Paolo, dovrà ritenersi felice per la potenziata acutezza della sua vista, perché terrà fissi gli occhi là dove non vi è l'oscurità del male.",Gregory of Nyssa,https://en.wikiquote.org/wiki/Gregory_of_Nyssa
Voglia il cielo che sia concesso anche a me di nascere al tempo giusto e di morire al momento più opportuno.,Gregory of Nyssa,https://en.wikiquote.org/wiki/Gregory_of_Nyssa
"Our Lord says, to those who can hear what Wisdom speaks beneath a mystery, that ""the Kingdom of God is within you"" (Luke 17:21). That word points out the fact that the Divine good is not something apart from our nature, and is not removed far away from those who have the will to seek it; it is in fact within each of us, ignored indeed, and unnoticed while it is stifled beneath the cares and pleasures of life, but found again whenever we can turn our power of conscious thinking towards it.",Gregory of Nyssa,https://en.wikiquote.org/wiki/Gregory_of_Nyssa
"Is it not want of reason in any one to suppose that when he has striven successfully to escape the dominion of one particular passion, he will find virtue in its opposite?",Gregory of Nyssa,https://en.wikiquote.org/wiki/Gregory_of_Nyssa
"The love of gain, which is a large, incalculably large, element in every soul, when once applied to the desire for God, will bless the man who has it.",Gregory of Nyssa,https://en.wikiquote.org/wiki/Gregory_of_Nyssa
"Slaves who have been freed and cease to serve their former masters, the very moment they become their own masters, direct all their thoughts towards themselves so, I take it, the soul which has been freed from ministering to the body becomes at once cognizant of its own inherent energy.",Gregory of Nyssa,https://en.wikiquote.org/wiki/Gregory_of_Nyssa
"As, when one torch has been fired, flame is transmitted to all the neighbouring candlesticks, without either the first light being lessened or blazing with unequal brilliance on the other points where it has been caught; so the saintliness of a life is transmitted from him who has achieved it, to those who come within his circle.",Gregory of Nyssa,https://en.wikiquote.org/wiki/Gregory_of_Nyssa
Virtue is achieved by its seekers not without a struggle; nor is abstinence from the paths of pleasure a painless process to human nature.,Gregory of Nyssa,https://en.wikiquote.org/wiki/Gregory_of_Nyssa
"One of two probations must be the inevitable fate of him who has had the longer lease of life; either to combat here on Virtue’s toilsome field, or to suffer there the painful recompense of a life of evil.",Gregory of Nyssa,https://en.wikiquote.org/wiki/Gregory_of_Nyssa
"Man was made in the image of God; that like, I take it, might be able to see like; and to see God is ... the life of the soul.",Gregory of Nyssa,https://en.wikiquote.org/wiki/Gregory_of_Nyssa
With the eye in a natural state sight follows necessarily ... In the same way the life of blessedness is as a familiar second nature to those who have kept clear the senses of the soul.,Gregory of Nyssa,https://en.wikiquote.org/wiki/Gregory_of_Nyssa
"If a single luminary can occupy everything alike that lies beneath it with the force of light, and, more than that, can, while lending itself to all who can use it, still remain self-centred and undissipated, how much more shall the Creator of that luminary become “all in all,” as the Apostle speaks, and come into each with such a measure of Himself as each subject of His influence can receive!",Gregory of Nyssa,https://en.wikiquote.org/wiki/Gregory_of_Nyssa
"That nothing happens without God we know from many sources; and, reversely, that God’s dispensations have no element of chance and confusion in them every one will allow, who realizes that God is Reason, and Wisdom, and Perfect Goodness, and Truth, and could not admit of that which is not good and not consistent with His Truth.",Gregory of Nyssa,https://en.wikiquote.org/wiki/Gregory_of_Nyssa
"The premature deaths of infants have nothing in them to suggest the thought that one who so terminates his life is subject to some grievous misfortune, any more than they are to be put on a level with the deaths of those who have purified themselves in this life by every kind of virtue.",Gregory of Nyssa,https://en.wikiquote.org/wiki/Gregory_of_Nyssa
"Now that all the distractions of the material life had been removed, Macrina persuaded her mother to give up her ordinary life and all showy style of living and the services of domestics to which she had been accustomed before, and bring her point of view down to that of the masses, and to share the life of the maids, treating all her slave girls as if they were sisters and belonged to the same rank as herself.",Gregory of Nyssa,https://en.wikiquote.org/wiki/Gregory_of_Nyssa
"My hope is that by the right process of inquiry and discernment, once the text has been cleansed of its obvious literal sense by undefiled thoughts, the philosophy hidden in the words may be brought to light.",Gregory of Nyssa,https://en.wikiquote.org/wiki/Gregory_of_Nyssa
"ἐπειδὴ δέ τισι τῶν ἐκκλησιαστικῶν παρίστασθαι τῇ λέξει τῆς ἁγίας γραφῆς διὰ πάντων δοκεῖ καὶ τὸ δι' αἰνιγμάτων τε καὶ ὑπονοιῶν εἰρῆσθαί τι παρ' αὐτῆς εἰς ὠφέλειαν ἡμῶν οὐ συντίθενται, ἀναγκαῖον ἡγοῦμαι πρῶτον περὶ τούτων τοῖς τὰ τοιαῦτα ἡμῖν ἐγκαλοῦσιν ἀπολογήσασθαι, ὅτι οὐδὲν ἀπὸ τρόπου γίνεται παρ' ἡμῶν ἐν τῷ σπουδάζειν ἡμᾶς παντοίως θηρεύειν ἐκ τῆς θεοπνεύστου γραφῆς τὸ ὠφέλιμον·",Gregory of Nyssa,https://en.wikiquote.org/wiki/Gregory_of_Nyssa
"ὥστε εἰ μὲν ὠφελοίη τι καὶ ἡ λέξις ὡς εἴρηται νοουμένη, ἔχειν ἐξ ἑτοίμου τὸ σπουδαζόμενον, εἰ δέ τι μετὰ ἐπικρύψεως ἐν ὑπονοίαις τισὶ καὶ αἰνίγμασιν εἰρημένον ἀργὸν εἰς ὠφέλειαν εἴη κατὰ τὸ πρόχειρον νόημα, τοὺς τοιούτους λόγους ἀναστρέφειν.",Gregory of Nyssa,https://en.wikiquote.org/wiki/Gregory_of_Nyssa
"ὧν τὴν διὰ τῆς ἀναγωγῆς θεωρίαν εἴτε τροπολογίαν εἴτε ἀλληγορίαν εἴτε τι ἄλλο τις ὀνομάζειν ἐθέλοι, οὐδὲν περὶ τοῦ ὀνόματος διοισόμεθα, μόνον εἰ τῶν ἐπωφελῶν ἔχοιτο νοημάτων·",Gregory of Nyssa,https://en.wikiquote.org/wiki/Gregory_of_Nyssa
"St. Gregory of Nyssa on Scripture, Unity, Sacraments, and Last Things",Gregory of Nyssa,https://en.wikiquote.org/wiki/Gregory_of_Nyssa
"Hvis folk spytter meg i trynet, svarer jeg med et spark i balla. Det anbefaler jeg ikke til andre.",Lars Gule,https://en.wikiquote.org/wiki/Lars_Gule
"Hence we speak of social revolution, not reform; of liberation, not development; of socialism, not the modernization of the prevailing system. ‘Realists’ call these statements romantic and utopian. And they should, for the rationality of these statements is of a kind quite unfamiliar to them. [ https://archive.ph/5miDC ]",Gustavo Gutiérrez,https://en.wikiquote.org/wiki/Gustavo_Gutiérrez
"About the twelfth century the possibility of sharing contemplation by means of preaching and other forms of apostolic activity began to be considered. This point of view was exemplified in the mixed life (contemplative and active) of the mendicant orders and was expressed in the formula: contemplata aliis tradere (""to transmit to others the fruits of contemplation"").",Gustavo Gutiérrez,https://en.wikiquote.org/wiki/Gustavo_Gutiérrez
"Theology must be man's critical reflection on himself, on his own basic principles. Only with this approach will theology be a serious discourse, aware of itself, in full possession of its conceptual elements.",Gustavo Gutiérrez,https://en.wikiquote.org/wiki/Gustavo_Gutiérrez
"By keeping historical events in their proper perspective, theology helps safeguard society and the Church from regarding as permanent what is only temporary. Critical reflection thus always plays the inverse role of an ideology which rationalizes and justifies a given social and ecclesial order.",Gustavo Gutiérrez,https://en.wikiquote.org/wiki/Gustavo_Gutiérrez
"Theology as critical reflection thus fulfills a liberating function for man and the Christian community, preserving them from fetishism and idolatry, as well as from a pernicious and belittling narcissism.",Gustavo Gutiérrez,https://en.wikiquote.org/wiki/Gustavo_Gutiérrez
"A theology which has as its points of reference only ""truths"" which have been established once and for all—and not the Truth which is also the Way—can only be static and, in the long run, sterile.",Gustavo Gutiérrez,https://en.wikiquote.org/wiki/Gustavo_Gutiérrez
"Theology thus understood, that is to say as linked to praxis, fulfills a prophetic function insofar as it interprets historical events with the intention of revealing and proclaiming their profound meaning.",Gustavo Gutiérrez,https://en.wikiquote.org/wiki/Gustavo_Gutiérrez
"The theologian ... will be engaged where nations, social classes, people struggle to free themselves from domination and oppression by other nations, classes, and people.",Gustavo Gutiérrez,https://en.wikiquote.org/wiki/Gustavo_Gutiérrez
"Contemporary man has begun to lose his naiveté as ... the deep causes of the situation in which he finds himself are becoming clearer. He realizes that to attack these deep causes is the indispensable prerequisite for radical change. And so he has gradually abandoned a simple reformist attitude regarding the existing social order, for, by its very shallowness this reformism perpetuates the existing system.",Gustavo Gutiérrez,https://en.wikiquote.org/wiki/Gustavo_Gutiérrez
"People are also more keenly and painfully aware that a large part of the Church is in one way or another linked to those who wield economic and political power in today's world. ... Under these circumstances, can it honestly be said that the Church does not interfere in ""the temporal sphere""? Is the Church fulfilling a purely religious role when by its silence or friendly relationships it lends legitimacy to a dictatorial and oppressive government?",Gustavo Gutiérrez,https://en.wikiquote.org/wiki/Gustavo_Gutiérrez
"The liberation of our continent means more than overcoming economic, social, and political dependence. It means, in a deeper sense, to see the becoming of mankind as a process of the emancipation of man in history. It is to see man in search of a qualitatively different society in which he will be free from all servitude, in which he will be the artisan of his own destiny.",Gustavo Gutiérrez,https://en.wikiquote.org/wiki/Gustavo_Gutiérrez
"Faced with the urgency of the Latin American situation, the Church denounces as insufficient those partial and limited measures which amount only to palliatives and in the long run actually consolidate an exploitative system.",Gustavo Gutiérrez,https://en.wikiquote.org/wiki/Gustavo_Gutiérrez
"The Christian community ... is faced ever more clearly with the dilemma now confronting the whole continent: to be for or against the system, or more subtly, to be for reform or revolution.",Gustavo Gutiérrez,https://en.wikiquote.org/wiki/Gustavo_Gutiérrez
"The world today is experiencing a profound and rapid socio-cultural transformation. But the changes do not occur at a uniform pace, and the discrepancies in the change process have differentiated the various countries and regions of our planet.",Gustavo Gutiérrez,https://en.wikiquote.org/wiki/Gustavo_Gutiérrez
"Once causes are determined, then there is talk of ""social injustice"" and the privileged begin to resist.",Gustavo Gutiérrez,https://en.wikiquote.org/wiki/Gustavo_Gutiérrez
"As we progress, various shades of meaning and deeper levels of understanding will complement this initial effort.",Gustavo Gutiérrez,https://en.wikiquote.org/wiki/Gustavo_Gutiérrez
"Reason has, especially today, many other manifestations than philosophical ones.",Gustavo Gutiérrez,https://en.wikiquote.org/wiki/Gustavo_Gutiérrez
The building of a just society means overcoming every obstacle to the creation of authentic peace.,Gustavo Gutiérrez,https://en.wikiquote.org/wiki/Gustavo_Gutiérrez
"Christendom is not primarily a mental construct. It is above all a fact, indeed the longest historical experience the Church has had. Hence the deep impact it has made on its life and thought.",Gustavo Gutiérrez,https://en.wikiquote.org/wiki/Gustavo_Gutiérrez
Is the Church fulfilling a purely religious role when by its silence or friendly relationships it lends legitimacy to dictatorial and oppressive government?,Gustavo Gutiérrez,https://en.wikiquote.org/wiki/Gustavo_Gutiérrez
The imbalance between developed and underdeveloped countries - caused by the relationships of dependence - becomes more acute if the cultural point of view is taken into consideration.,Gustavo Gutiérrez,https://en.wikiquote.org/wiki/Gustavo_Gutiérrez
The Church cannot be a prophet in our day if she herself is not turned to Christ.,Gustavo Gutiérrez,https://en.wikiquote.org/wiki/Gustavo_Gutiérrez
"Although until recently the Church was closely linked to the established order, it is beginning to take a different attitude regarding the exploitation, oppression, and alienation which prevails in Latin America. This has caused concern among the beneficiaries and defenders of capitalist society, who no longer can depend on what used to be - whether consciously or unconsciously - one of their mainstays.",Gustavo Gutiérrez,https://en.wikiquote.org/wiki/Gustavo_Gutiérrez
"Human history is in truth nothing but the history of the slow, uncertain, and surprising fulfillment of the Promise.",Gustavo Gutiérrez,https://en.wikiquote.org/wiki/Gustavo_Gutiérrez
"The complete encounter with the Lord will mark an end to history, but it will take place in history.",Gustavo Gutiérrez,https://en.wikiquote.org/wiki/Gustavo_Gutiérrez
The future of history belongs to the poor and exploited.,Gustavo Gutiérrez,https://en.wikiquote.org/wiki/Gustavo_Gutiérrez
"To hope does not mean to know the future, but rather to be open, in an attitude of spiritual childhood, to accepting it as a gift.",Gustavo Gutiérrez,https://en.wikiquote.org/wiki/Gustavo_Gutiérrez
"Through the persons who explicitly accept his Word, the Lord reveals the world to itself.",Gustavo Gutiérrez,https://en.wikiquote.org/wiki/Gustavo_Gutiérrez
In the Bible poverty is a scandalous condition inimical to human dignity and therefore contrary to the will of God.,Gustavo Gutiérrez,https://en.wikiquote.org/wiki/Gustavo_Gutiérrez
"Liberation from every form of exploitation, the possibility of a more human and dignified life, the creation of a new humankind - all pass through this struggle.",Gustavo Gutiérrez,https://en.wikiquote.org/wiki/Gustavo_Gutiérrez
"""Comrades. Our labour has ended, the armed struggle has begun... The invincible flames of the revolution will glow, turning to lead and steel... There will be a great rupture and we will be the makers of the new dawn ... We shall convert the black fire into red and the red into pure light.",Abimael Guzmán,https://en.wikiquote.org/wiki/Abimael_Guzmán
We are the initiators and we should keep this fact deeply in our spirits.,Abimael Guzmán,https://en.wikiquote.org/wiki/Abimael_Guzmán
"The People’s War begins to sweep away the old order in order to inevitably destroy it. From the old, the new shall be born. And finally, like the pure and glorious phoenix bird, Communism will arise for all time.",Abimael Guzmán,https://en.wikiquote.org/wiki/Abimael_Guzmán
"In one hundred years of struggle, setbacks, and victories, the proletariat has learned how to fight and seize power with arms. The workers took it once in an embryonic form but were crushed with blood and fire. Nevertheless, we remember the Paris Commune, where those who were reviled are today heroes. And their example lives on, while their tormentors are forgotten.",Abimael Guzmán,https://en.wikiquote.org/wiki/Abimael_Guzmán
"The innumerable iron legions arise, and more and more will arise, inexhaustibly multiply, encircle and annihilate reaction. Reaction, which unleashes its bloody claws tearing the flesh off the people, continues to sow discord, embroil, and seeks to sate itself with the blood of the people. But the people’s blood ascends like furious wings and the stricken flesh converts itself into a powerful vengeful lash.",Abimael Guzmán,https://en.wikiquote.org/wiki/Abimael_Guzmán
"Comrades, in this country we are embarking upon a third epoch. The third epoch is a battle between armed revolution and armed counter-revolution, which are prepared for violence. Counter-revolution with its old and bloody violence, peace at the hands of bayonets, their damned wars that annihilate people in the prisons, schools, factories, in the countryside, and even assassinating children with hunger and misery in their maternal wombs.",Abimael Guzmán,https://en.wikiquote.org/wiki/Abimael_Guzmán
"All our struggles have been validated. Comrades, finally it has been realized: Initiate the armed struggle today. Everything that we have accomplished, including errors that have served as experience, are validated here. This is the essence of this School",Abimael Guzmán,https://en.wikiquote.org/wiki/Abimael_Guzmán
"We will become the protagonists of history, conscious, organized and armed. Thus, the great rupture will be open and we will become the makers of a definitive dawn",Abimael Guzmán,https://en.wikiquote.org/wiki/Abimael_Guzmán
"Let us start by saying that the Communist Party of Peru, which has been leading the people's war for more than eight years now, has expressed itself publicly in a number of different documents. We have always considered the pronouncements of the Party itself to be much more important, because that way it is crystal clear that it is the PCP that has dared to initiate the people's war, lead it, and carry it forward.",Abimael Guzmán,https://en.wikiquote.org/wiki/Abimael_Guzmán
"Being communists, we fear nothing.",Abimael Guzmán,https://en.wikiquote.org/wiki/Abimael_Guzmán
"We think that to be Marxists today, to be Communists, necessarily demands that we be Marxist-Leninist-Maoists and principally Maoists. Otherwise, we couldn't be genuine communists.",Abimael Guzmán,https://en.wikiquote.org/wiki/Abimael_Guzmán
"Today, tomorrow, and in these stormy decades in which we live, we can see the enormous and overriding importance that proletarian ideology has.",Abimael Guzmán,https://en.wikiquote.org/wiki/Abimael_Guzmán
"Among the masses, what revisionism does is serve the cause of capitulation to internal reaction, concretely to the big bourgeoisie and the landlords, to the landlord-bureaucrat capitalist dictatorship which is the Peruvian State of today.",Abimael Guzmán,https://en.wikiquote.org/wiki/Abimael_Guzmán
"I want to make it absolutely clear that we respect this religiousness as a question of freedom of religious beliefs, as recognized by the programme which was approved by our Congress.",Abimael Guzmán,https://en.wikiquote.org/wiki/Abimael_Guzmán
"Marxism has taught us to separate Church and State, this is the first thing we will do. Secondly, I want to repeat, we respect the freedom of religious belief of the people--applying fully the principle of freedom to believe, as well as not to believe. to be an atheist. That is how we will handle it.",Abimael Guzmán,https://en.wikiquote.org/wiki/Abimael_Guzmán
"With regard to violence we start from the principle established by Chairman Mao Tsetung: violence, that is the need for revolutionary violence, is a universal law with no exception. Revolutionary violence is what allows us to resolve fundamental contradictions by means of an army, through people's war.",Abimael Guzmán,https://en.wikiquote.org/wiki/Abimael_Guzmán
"Fear? I believe that fear and lack of fear form a contradiction. The point is to take up our ideology, and unleash the courage within us. It is our ideology that makes us brave, that gives us courage. In my opinion, no one is born brave. It is society, the class struggle, that makes people and communists courageous--the class struggle, the proletariat, the Party, and our ideology.",Abimael Guzmán,https://en.wikiquote.org/wiki/Abimael_Guzmán
"The new is focused in our country, the armed solution, and the Party’s development through arms intensifies through the armed struggle.",Abimael Guzmán,https://en.wikiquote.org/wiki/Abimael_Guzmán
Gonzalo appeared not only as the interpreter of the laws of history but also as the military  leader unreachable by the repressive apparatus of the “old State.” He was every where and no where.,Abimael Guzmán,https://en.wikiquote.org/wiki/Abimael_Guzmán
"Our chief is Gonzalo he of brilliant thought and action inspired by Marx, Lenin and Mao he develops our powerful ideology and brings to a burning world the invincible people's war.",Abimael Guzmán,https://en.wikiquote.org/wiki/Abimael_Guzmán
"When Abimael Guzman referred to the ""bloodbath"" in 1988, the insurrection's history was already strained by it. The proverbial meat grinder had processed enough people to make the Shining Path uprising one of Latin America's bloodiest since the 1960's, with clear signs of becomeing one of the cruelest wars in the continent's history.",Abimael Guzmán,https://en.wikiquote.org/wiki/Abimael_Guzmán
"Without inner peace, outer peace is impossible.",Kelsang Gyatso,https://en.wikiquote.org/wiki/Kelsang_Gyatso
"We all wish for world peace, but world peace will never be achieved unless we first establish peace within our own minds.",Kelsang Gyatso,https://en.wikiquote.org/wiki/Kelsang_Gyatso
The solution to all the problems of daily life is to cherish others.,Kelsang Gyatso,https://en.wikiquote.org/wiki/Kelsang_Gyatso
"We should understand that our problems do not exist outside of ourself, but are part of our mind that experiences unpleasant feelings.",Kelsang Gyatso,https://en.wikiquote.org/wiki/Kelsang_Gyatso
"Our mind is like a field, and performing actions is like sowing seeds in that field.",Kelsang Gyatso,https://en.wikiquote.org/wiki/Kelsang_Gyatso
Buddha's teachings are scientific methods to solve the problems of all living beings permanently.,Kelsang Gyatso,https://en.wikiquote.org/wiki/Kelsang_Gyatso
"Learning to cherish others is the best solution to our daily problems, and it is the source of all our future happiness and good fortune.",Kelsang Gyatso,https://en.wikiquote.org/wiki/Kelsang_Gyatso
Happiness and suffering are states of mind and so their main causes are not to be found outside the mind.,Kelsang Gyatso,https://en.wikiquote.org/wiki/Kelsang_Gyatso
"Today we can see many different forms of Buddhism, such as Zen and Theravada Buddhism. All these different aspects are practices of Buddha's teachings, and all are equally precious; they are just different presentations.",Kelsang Gyatso,https://en.wikiquote.org/wiki/Kelsang_Gyatso
"Enlightenment is the inner light of wisdom that is permanently free from all mistaken appearance, and whose function is to bestow mental peace upon each and every living being every day.",Kelsang Gyatso,https://en.wikiquote.org/wiki/Kelsang_Gyatso
This excellent commentary on the joyous Mahamudra Derived from churning the essence of the ocean of Tantric scriptures That arose from the heart of this most precious Spiritual Guide Is published with a pure wish to benefit migrators.,Kelsang Gyatso,https://en.wikiquote.org/wiki/Kelsang_Gyatso
Modern Buddhism - The Path of Compassion and Wisdom - A Free eBook by Geshe Kelsang Gyatso,Kelsang Gyatso,https://en.wikiquote.org/wiki/Kelsang_Gyatso
The New Kadampa Tradition - International Kadampa Buddhist Union,Kelsang Gyatso,https://en.wikiquote.org/wiki/Kelsang_Gyatso
"I bow down to and go for refuge in the glorious sublime master and all the glorious accomplished ones. Please accept us with your great love at all times. I bow down to the dharmadhātu , the ground which is devoid of all relative conceptual labeling, which is the ultimate, the thoroughly established1. I bow down to the ground which is free from all kinds of thought, the unconditioned self-arisen wisdom.",Dolpopa Sherab Gyaltsen,https://en.wikiquote.org/wiki/Dolpopa_Sherab_Gyaltsen
"Alas, my share of good fortune may be inferior, but I think a discovery such as this is good fortune... My intelligence has not been refined in three-fold knowledge, but I think the raising of Mount Meru has caused the ocean to gush forth. I bow in homage to the masters, buddhas, and kalkis, by whose kindness the essential points, difficult for even exalted beings to realize, are precisely realized, and to their great stupa.",Dolpopa Sherab Gyaltsen,https://en.wikiquote.org/wiki/Dolpopa_Sherab_Gyaltsen
"What nobler relationship than that of friend? What nobler compliment can man bestow than friendship ? The bonds and ties of the life we know break easily, but through eternity one bond remains — the bond of fellowship — the fellowship of atoms, of star dust in its endless flight, of suns and worlds, of gods and men. The clasped hands of comradeship unite in a bond eternal — the fellowship of spirit.",Manly P. Hall,https://en.wikiquote.org/wiki/Manly_P._Hall
"The great materialistic progress which we have venerated for so long is on the verge of bankruptcy . We can no longer believe that we are born into this world to accumulate wealth and abandon ourselves to mortal pleasures . We see the dangers and realize that we have been exploited for centuries. We were told the twentieth century was the most progressive that the world has ever known, but unfortunately the progression was in the direction of self-destruction.",Manly P. Hall,https://en.wikiquote.org/wiki/Manly_P._Hall
"To avoid a future of war , crime , and bankruptcy, the individual must begin to plan his own destiny , and the best source for the necessary information comes down to us through the writings of the ancients. The greatest knowledge of all time should be available … in a book that would be a monument, not merely a coffin.",Manly P. Hall,https://en.wikiquote.org/wiki/Manly_P._Hall
"Philosophy is the science of estimating values. The superiority of any state or substance over another is determined by philosophy.  By assigning a position of primary importance to what remains when all that is secondary has been removed, philosophy thus becomes the true index of priority or emphasis in the realm of speculative thought.",Manly P. Hall,https://en.wikiquote.org/wiki/Manly_P._Hall
The yoni and phallus were worshiped by nearly all ancient people as appropriate symbols of God's creative power.,Manly P. Hall,https://en.wikiquote.org/wiki/Manly_P._Hall
"A nation with culture is blessed. To live in the world without becoming aware of the meaning of the world is like wandering about in a great library without touching the books. It has always seemed to me that symbolism should be restored to the structure of world education. The young are no longer invited to seek the hidden truths, dynamic and eternal, locked within the shapes and behavior of living beings.",Manly P. Hall,https://en.wikiquote.org/wiki/Manly_P._Hall
"The accepted theory that the serpent is evil cannot be substantiated. It has long been viewed as the emblem of immortality. It is the symbol of reincarnation, or metempsychosis, because it annually sheds its skin...It was also believed that snakes swallowed themselves, and this resulted in their being considered emblematic of the Supreme Creator, who periodically reabsorbed His universe back into Himself.",Manly P. Hall,https://en.wikiquote.org/wiki/Manly_P._Hall
We are the gods of the atoms that make up ourselves but we are also the atoms of the gods that make up the universe.,Manly P. Hall,https://en.wikiquote.org/wiki/Manly_P._Hall
"The alchemical tradition assumes that every physical art or science is a body of knowledge which exists only because it is ensouled by invisible powers and processes. Physical chemistry , as it is practiced in the modern world, is concerned principally with pharmaceutical or industrial research projects. It is confined within the boundaries of an all-pervading materialism , which binds labor to the advancement of physical objectives.",Manly P. Hall,https://en.wikiquote.org/wiki/Manly_P._Hall
"Manly Hall's great work is a classic in the world's literature. It will guide historians, philosophers, and lay seekers of esoteric wisdom for centuries.",Manly P. Hall,https://en.wikiquote.org/wiki/Manly_P._Hall
The Secret Teachings of All Ages (1928) at SacredTexts.com,Manly P. Hall,https://en.wikiquote.org/wiki/Manly_P._Hall
Review of The Secret Teachings of All Ages at Daily Grail,Manly P. Hall,https://en.wikiquote.org/wiki/Manly_P._Hall
Founder's profile at the Philosophical Research Society,Manly P. Hall,https://en.wikiquote.org/wiki/Manly_P._Hall
Manly P. Hall: Resources and Inspirations,Manly P. Hall,https://en.wikiquote.org/wiki/Manly_P._Hall
Complete PDF Archive of Manly P. Hall Journals,Manly P. Hall,https://en.wikiquote.org/wiki/Manly_P._Hall
"""Violence and freedom are the two endpoints on the scale of power.""",Byung-Chul Han,https://en.wikiquote.org/wiki/Byung-Chul_Han
"""The task of power is to transform the always possible 'no' into a 'yes.' """,Byung-Chul Han,https://en.wikiquote.org/wiki/Byung-Chul_Han
"""Power is not opposed to freedom. It is precisely freedom that distinguishes power from violence or coercion. """,Byung-Chul Han,https://en.wikiquote.org/wiki/Byung-Chul_Han
"""A truly powerful holder of power does not simply elicit agreement, but enthusiasm and excitement. """,Byung-Chul Han,https://en.wikiquote.org/wiki/Byung-Chul_Han
"""Often what is absent has more power than what is present. """,Byung-Chul Han,https://en.wikiquote.org/wiki/Byung-Chul_Han
"""When power is separated from any communicative context, it becomes naked violence. """,Byung-Chul Han,https://en.wikiquote.org/wiki/Byung-Chul_Han
"""Power is more 'spacious' than violence. And violence becomes power if it 'gives itself more time.' Looked at from this perspective, power rests on an excess of space and time.  """,Byung-Chul Han,https://en.wikiquote.org/wiki/Byung-Chul_Han
"""Architecture is a way for power to achieve eloquence through form.  """,Byung-Chul Han,https://en.wikiquote.org/wiki/Byung-Chul_Han
"""Rather, power is most powerful, most stable, where it creates a feeling of freedom and where it does not need to resort to violence.  """,Byung-Chul Han,https://en.wikiquote.org/wiki/Byung-Chul_Han
"""Power is never naked. Rather, it is eloquent.  """,Byung-Chul Han,https://en.wikiquote.org/wiki/Byung-Chul_Han
"""An absolute power would be one that never becomes apparent, never pointed to itself, one that rather blended completely into what goes without saying. Power shines in its own absence.  """,Byung-Chul Han,https://en.wikiquote.org/wiki/Byung-Chul_Han
"""Power turns pure being into a having .""",Byung-Chul Han,https://en.wikiquote.org/wiki/Byung-Chul_Han
"""Violence may capture space, but it does not create space.""",Byung-Chul Han,https://en.wikiquote.org/wiki/Byung-Chul_Han
"""Power tends to reduce openness... Power tries to solidify and stabilize its position by eradicating spaces open to play, or incalculable spaces.""",Byung-Chul Han,https://en.wikiquote.org/wiki/Byung-Chul_Han
"""An ethos of freedom stops power from solidifying into domination and makes sure it remains an open game.""",Byung-Chul Han,https://en.wikiquote.org/wiki/Byung-Chul_Han
"""Perhaps power is never free from a feeling of lack.""",Byung-Chul Han,https://en.wikiquote.org/wiki/Byung-Chul_Han
"""If life is deprived of any meaningful closure, it will be ended in non-time.""",Byung-Chul Han,https://en.wikiquote.org/wiki/Byung-Chul_Han
"""God functions like a stabilizer of time.""",Byung-Chul Han,https://en.wikiquote.org/wiki/Byung-Chul_Han
"""A farewell does not dilute the presence of the past; it may make an even deeper presence.""",Byung-Chul Han,https://en.wikiquote.org/wiki/Byung-Chul_Han
"""If things are deprived of memory, they become information or commodities. They are pushed into a time-free, ahistorical place.""",Byung-Chul Han,https://en.wikiquote.org/wiki/Byung-Chul_Han
"""Promising, committment, and fidelity, for instance, are genuinely temporal practices.""",Byung-Chul Han,https://en.wikiquote.org/wiki/Byung-Chul_Han
""" The haste of day rules over the night as empty form .""",Byung-Chul Han,https://en.wikiquote.org/wiki/Byung-Chul_Han
"""Full of gods means full of meaning, full of narration. The world becomes readable, like a picture.""",Byung-Chul Han,https://en.wikiquote.org/wiki/Byung-Chul_Han
"""Historical time knows no lasting present.""",Byung-Chul Han,https://en.wikiquote.org/wiki/Byung-Chul_Han
"""Time begins to emit a scent when it gains duration; when it is given a narrative or deep tension; when it gains depth and breadth, even space .""",Byung-Chul Han,https://en.wikiquote.org/wiki/Byung-Chul_Han
"""Twenty-first-century society is no longer a disciplinary society, but rather an achievement society [ Leistungsgesellshaft] .""",Byung-Chul Han,https://en.wikiquote.org/wiki/Byung-Chul_Han
"""Disciplinary society is still governed by no . Its negativity produces madmen and criminals. In contrast, achievement society creates depressives and losers.""",Byung-Chul Han,https://en.wikiquote.org/wiki/Byung-Chul_Han
"""However, the disappearance of domination does not entail freedom . Instead, it makes freedom and constraint coincide. Thus, the achievement-subject gives itself over to compulsive freedom --that is, to the free constraint of maximizing achievement. Excess work and performance escalate into auto-exploitation.""",Byung-Chul Han,https://en.wikiquote.org/wiki/Byung-Chul_Han
""" Depression is a narcissistic malady.""",Byung-Chul Han,https://en.wikiquote.org/wiki/Byung-Chul_Han
""" Eros and depression are opposites.""",Byung-Chul Han,https://en.wikiquote.org/wiki/Byung-Chul_Han
"""Eros, erotic desire, conquers depression. It delivers us from the inferno of the same to the utopia, indeed utopia, of the wholly other.""",Byung-Chul Han,https://en.wikiquote.org/wiki/Byung-Chul_Han
"""Catastrophic fatality abruptly switches over into salvation .""",Byung-Chul Han,https://en.wikiquote.org/wiki/Byung-Chul_Han
"""Whatever is merely positive is lifeless. Negativity is essential to vitality.""",Byung-Chul Han,https://en.wikiquote.org/wiki/Byung-Chul_Han
"""Happiness is the proof that time can accommodate eternity.""",Byung-Chul Han,https://en.wikiquote.org/wiki/Byung-Chul_Han
"""What is obscene about pornography is not an excess of sex, but the fact that it contains no sex at all.""",Byung-Chul Han,https://en.wikiquote.org/wiki/Byung-Chul_Han
"""The pornographic face says nothing. It has no expressivity or mystery.""",Byung-Chul Han,https://en.wikiquote.org/wiki/Byung-Chul_Han
"""The erotic is never free of secrecy.""",Byung-Chul Han,https://en.wikiquote.org/wiki/Byung-Chul_Han
"""Pornography completes the deritualization of love.""",Byung-Chul Han,https://en.wikiquote.org/wiki/Byung-Chul_Han
"""The inner music of things sounds only when you close your eyes.""",Byung-Chul Han,https://en.wikiquote.org/wiki/Byung-Chul_Han
"""Money, as a matter of principle, makes everything the same.""",Byung-Chul Han,https://en.wikiquote.org/wiki/Byung-Chul_Han
"""The eros-driven soul produces beautiful things, and, above all, beautiful actions, which have a universal value.""",Byung-Chul Han,https://en.wikiquote.org/wiki/Byung-Chul_Han
"""There is no such thing as data-driven thinking.""",Byung-Chul Han,https://en.wikiquote.org/wiki/Byung-Chul_Han
"""Thinking is an expedition into quietness.""",Byung-Chul Han,https://en.wikiquote.org/wiki/Byung-Chul_Han
"""Logos is powerless without the force of eros.""",Byung-Chul Han,https://en.wikiquote.org/wiki/Byung-Chul_Han
"""Rituals are symbolic acts. They represent, and pass on, the values and orders on which a community is based. They bring forth a community without communication; today, however, communication without community prevails.""",Byung-Chul Han,https://en.wikiquote.org/wiki/Byung-Chul_Han
"""We can define rituals as symbolic techniques of making oneself at home in the world . They transforming being at home to being in the world . They turn the world into a reliable place. They are to time what a home is to space. They render time habitable.""",Byung-Chul Han,https://en.wikiquote.org/wiki/Byung-Chul_Han
"""Ritual practices ensure that we treat not only other people but also things in beautiful ways, that there is an affinity between us and other people as well as things.""",Byung-Chul Han,https://en.wikiquote.org/wiki/Byung-Chul_Han
"*Rituals are also symbolic practices... in the sense that they bring people together to create an alliance, a wholeness, a community.""",Byung-Chul Han,https://en.wikiquote.org/wiki/Byung-Chul_Han
"""Those who devote themselves to rituals must ignore themselves. Rituals produce a distance from the self, a self-transcendence.""",Byung-Chul Han,https://en.wikiquote.org/wiki/Byung-Chul_Han
"""Every religious practice is an exercise in attention. A temple is the highest degree of attention.""",Byung-Chul Han,https://en.wikiquote.org/wiki/Byung-Chul_Han
"""The 'intense life' advertised by the neoliberal regime is in truth simply a life of intense consumption.""",Byung-Chul Han,https://en.wikiquote.org/wiki/Byung-Chul_Han
"""Rituals are processes of embodiment and bodily performances. In them, the valid order and values of a community are physically experienced and solidified.""",Byung-Chul Han,https://en.wikiquote.org/wiki/Byung-Chul_Han
"""Today, tattoos lack symbolic power. All they do is point toward the uniqueness of the bearer. The body is neither a ritual   stage nor a surface of projection; rather, it is an advertising space.""",Byung-Chul Han,https://en.wikiquote.org/wiki/Byung-Chul_Han
"""Sabbath rest does not follow creation; it brings creation to completion.""",Byung-Chul Han,https://en.wikiquote.org/wiki/Byung-Chul_Han
"""When we subordinate rest to work, we ignore the divine.""",Byung-Chul Han,https://en.wikiquote.org/wiki/Byung-Chul_Han
"""Silent listening unites a people and creates community without communication.""",Byung-Chul Han,https://en.wikiquote.org/wiki/Byung-Chul_Han
"""In contrast to festivals, events do not create community.""",Byung-Chul Han,https://en.wikiquote.org/wiki/Byung-Chul_Han
"""Capitalism lacks narrativity.""",Byung-Chul Han,https://en.wikiquote.org/wiki/Byung-Chul_Han
"""Sovereignty, the freedom unto death, is threatening to a society that is organized around work and production.""",Byung-Chul Han,https://en.wikiquote.org/wiki/Byung-Chul_Han
"""It is a sign of sovereignty to risk one's life, that is, to turn life into a game.""",Byung-Chul Han,https://en.wikiquote.org/wiki/Byung-Chul_Han
"""Following Foucault, we may define the art of life as a practice of suicide, of giving oneself to death, of depsychologizing oneself, of playing.""",Byung-Chul Han,https://en.wikiquote.org/wiki/Byung-Chul_Han
"""Today, to live means merely to produce.""",Byung-Chul Han,https://en.wikiquote.org/wiki/Byung-Chul_Han
"""Poems are magic ceremonies of language .""",Byung-Chul Han,https://en.wikiquote.org/wiki/Byung-Chul_Han
"""The liturgy of emptiness dispels the capitalist economy of the commodity.""",Byung-Chul Han,https://en.wikiquote.org/wiki/Byung-Chul_Han
"""Ritual society is a society of rules. It is based not on virtues but on a passion for rules .""",Byung-Chul Han,https://en.wikiquote.org/wiki/Byung-Chul_Han
"""In the empire of signs, the soul, psychology, is erased. There is no soul to infect the holy seriousness of ritual play.""",Byung-Chul Han,https://en.wikiquote.org/wiki/Byung-Chul_Han
"""It is not honourable to attack an enemy without putting yourself at risk.""",Byung-Chul Han,https://en.wikiquote.org/wiki/Byung-Chul_Han
"""Thinking is more erotic than calculating.""",Byung-Chul Han,https://en.wikiquote.org/wiki/Byung-Chul_Han
"""The pornographic body lacks any symbolism. The ritualized body, by contrast, is a splendid stage, with secrets and deities written into it.""",Byung-Chul Han,https://en.wikiquote.org/wiki/Byung-Chul_Han
"""The freedom of the 'everyday mind' consists rather in not kneeling down in awe. Its mental attitude is better expressed as ""sitting unmoveable like an object.""",Byung-Chul Han,https://en.wikiquote.org/wiki/Byung-Chul_Han
"""Haikus allow the whole world to appear within things.""",Byung-Chul Han,https://en.wikiquote.org/wiki/Byung-Chul_Han
"""...Zen Buddhism, this religion of immanence.""",Byung-Chul Han,https://en.wikiquote.org/wiki/Byung-Chul_Han
"""God is nothingness: He is 'beyond all speech.'""",Byung-Chul Han,https://en.wikiquote.org/wiki/Byung-Chul_Han
"""...I pray to God to make me free of God.""",Byung-Chul Han,https://en.wikiquote.org/wiki/Byung-Chul_Han
"""At the deepest level, the desire for complete union with God exhibits a narcissistic structure.""",Byung-Chul Han,https://en.wikiquote.org/wiki/Byung-Chul_Han
"""Zen Buddhism is inspired by a basic trust in the Here, a basic trust in the world.""",Byung-Chul Han,https://en.wikiquote.org/wiki/Byung-Chul_Han
"""The huge laugh is a most extreme expression of freedom.""",Byung-Chul Han,https://en.wikiquote.org/wiki/Byung-Chul_Han
"""Enlightenment is an awakening to the everyday.""",Byung-Chul Han,https://en.wikiquote.org/wiki/Byung-Chul_Han
"""Emptiness empties the one seeing into what is seen.""",Byung-Chul Han,https://en.wikiquote.org/wiki/Byung-Chul_Han
"""Emptiness simply prevents what is individual from insisting on itself.""",Byung-Chul Han,https://en.wikiquote.org/wiki/Byung-Chul_Han
"""The emptiness of Zen Buddhism... creates a neighborly nearness between things.""",Byung-Chul Han,https://en.wikiquote.org/wiki/Byung-Chul_Han
"""When we resist impermanence, the self intensifies.""",Byung-Chul Han,https://en.wikiquote.org/wiki/Byung-Chul_Han
"""Emptiness is not a denial of the proper but an affirmation of it.""",Byung-Chul Han,https://en.wikiquote.org/wiki/Byung-Chul_Han
"""If life can no longer be narrated, wisdom deteriorates, and its place is taken by problem-solving.""",Byung-Chul Han,https://en.wikiquote.org/wiki/Byung-Chul_Han
"""Stories on digital platforms like Facebook or Instagram are not genuine stories. They have no narrative duration. Rather, they are just sequences of momentary impressions that do not tell us anything.""",Byung-Chul Han,https://en.wikiquote.org/wiki/Byung-Chul_Han
"""The smartphone seems to be a playground, but it is a digital panopticon.""",Byung-Chul Han,https://en.wikiquote.org/wiki/Byung-Chul_Han
"""Without narration, life is purely additive.""",Byung-Chul Han,https://en.wikiquote.org/wiki/Byung-Chul_Han
"""The reason that people take selfies is not narcissism. Rather, it is inner emptiness . There is no meaning to stabilize the ego. Faced with its inner emptiness, the ego constantly produces itself .""",Byung-Chul Han,https://en.wikiquote.org/wiki/Byung-Chul_Han
"""Psychological disorders are symptoms of a blocked story... The patient is cured the moment she narrates herself free.""",Byung-Chul Han,https://en.wikiquote.org/wiki/Byung-Chul_Han
"Even a purely moral act that has no hope of any immediate and visible political effect can gradually and indirectly, over time, gain in political significance .",Václav Havel,https://en.wikiquote.org/wiki/Václav_Havel
"Just as the constant increase of entropy is the basic law of the universe , so it is the basic law of life to be ever more highly structured and to struggle against entropy.",Václav Havel,https://en.wikiquote.org/wiki/Václav_Havel
"True enough, the country is calm. Calm as a morgue or a grave, would you not say?",Václav Havel,https://en.wikiquote.org/wiki/Václav_Havel
"The tragedy of modern man is not that he knows less and less about the meaning of his own life, but that it bothers him less and less.",Václav Havel,https://en.wikiquote.org/wiki/Václav_Havel
"There can be no doubt that distrust of words is less harmful than unwarranted trust in them. Besides, to distrust words, and indict them for the horrors that might slumber unobtrusively within them — isn't this, after all, the true vocation of the intellectual ?",Václav Havel,https://en.wikiquote.org/wiki/Václav_Havel
"I really do inhabit a system in which words are capable of shaking the entire structure of government , where words can prove mightier than ten military divisions.",Václav Havel,https://en.wikiquote.org/wiki/Václav_Havel
"The salvation of this human world lies nowhere else than in the human heart, in the human power to reflect, in human meekness and human responsibility .",Václav Havel,https://en.wikiquote.org/wiki/Václav_Havel
People have passed through a very dark tunnel at the end of which there was a light of freedom. Unexpectedly they passed through the prison gates and found themselves in a square. They are now free and they don't know where to go.,Václav Havel,https://en.wikiquote.org/wiki/Václav_Havel
"If you want to see your plays performed the way you wrote them, become President .",Václav Havel,https://en.wikiquote.org/wiki/Václav_Havel
It's not hard to stand behind one's successes. But to accept responsibility for one's failures... that is devishly hard! But only thence does the road lead... to a radically new insight into the mysterious gravity of my existence as an uncertain enterprise and to its transcendental meaning.,Václav Havel,https://en.wikiquote.org/wiki/Václav_Havel
"Man is in fact nailed down — like Christ on the Cross — to a grid of paradoxes . . . he balances between the torment of not knowing his mission and the joy of carrying it out, between nothingness and meaningfulness. And like Christ, he is in fact victorious by virtue of his defeats.",Václav Havel,https://en.wikiquote.org/wiki/Václav_Havel
We are finding out that what looked like a neglected house a year ago is in fact a ruin.,Václav Havel,https://en.wikiquote.org/wiki/Václav_Havel
"When a man has his heart in the right place and good taste, he can not only do well in politics but is even predetermined for it. If someone is modest and does not yearn for power, he is certainly not ill-equipped to engage in politics; on the contrary, he belongs there. What is needed in politics is not the ability to lie but rather the sensibility to know when, where, how and to whom to say things.",Václav Havel,https://en.wikiquote.org/wiki/Václav_Havel
"It is not true that people of high principles are ill-suited for politics. High principles have only to be accompanied by patience , consideration , a sense of measure and understanding for others. It is not true that only coldhearted, cynical, arrogant, haughty or brawling persons succeed in politics. Such people are naturally attracted by politics. In the end, however, politeness and good manners weigh more.",Václav Havel,https://en.wikiquote.org/wiki/Václav_Havel
"Let us admit that most of us writers feel an essential aversion to politics. By taking such a position, however, we accept the perverted principle of specialization , according to which some are paid to write about the horrors of the world and human responsibility and others to deal with those horrors and bear the human responsibility for them.",Václav Havel,https://en.wikiquote.org/wiki/Václav_Havel
"What collapsed at that time? First of all a lot of high walls, which divided people, nations and all continents in defiance of common sense. The Iron Curtain, which separated European nations subordinated to the soviet empire from nations which celebrated freedom, collapsed... Walls built among citizens by omnipresent fear tumbled down.",Václav Havel,https://en.wikiquote.org/wiki/Václav_Havel
"I believe that during the intervention of NATO in Kosovo there is an element nobody can question: the air attacks, the bombs , are not caused by a material interest. Their character is exclusively humanitarian : What is at stake here are the principles, human rights which have priority above state sovereignty . This makes it legitimate to attack the Yugoslav Federation , although without the United Nations mandate.",Václav Havel,https://en.wikiquote.org/wiki/Václav_Havel
The only lost cause is one we give up on before we enter the struggle.,Václav Havel,https://en.wikiquote.org/wiki/Václav_Havel
Isn't it the moment of most profound doubt that gives birth to new certainties? Perhaps hopelessness is the very soil that nourishes human hope ; perhaps one could never find sense in life without first experiencing its absurdity . . .,Václav Havel,https://en.wikiquote.org/wiki/Václav_Havel
Those that say that individuals are not capable of changing anything are only looking for excuses.,Václav Havel,https://en.wikiquote.org/wiki/Václav_Havel
"When a person tries to act in accordance with his conscience , when he tries to speak the truth, when he tries to behave like a citizen, even in conditions where citizenship is degraded, it won't necessarily lead anywhere, but it might. There's one thing, however, that will never lead anywhere, and that is speculating that such behavior will lead somewhere.",Václav Havel,https://en.wikiquote.org/wiki/Václav_Havel
"As soon as man began considering himself the source of the highest meaning in the world and the measure of everything, the world began to lose its human dimension, and man began to lose control of it.",Václav Havel,https://en.wikiquote.org/wiki/Václav_Havel
"If the world is to change for the better it must start with a change in human consciousness, in the very humanness of modern man.",Václav Havel,https://en.wikiquote.org/wiki/Václav_Havel
"It's not true that you should first think up an idea for a better world and only then ""put it into practice,"" but, rather, through the fact of your existence in the world, you create the idea or manifest it — create it, as it were, from the ""material of the world,"" articulate it in the "" language of the world.""",Václav Havel,https://en.wikiquote.org/wiki/Václav_Havel
"The most important thing is that man should be the measure of all structures, including economic structures, and not that man be made to measure for those structures. The most important thing is not to lose sight of personal relationships — i.e. , the relationships between man and his co-workers, between subordinates and their superiors, between man and his work, between this work and its consequences.""",Václav Havel,https://en.wikiquote.org/wiki/Václav_Havel
"A genuinely fundamental and hopeful improvement in "" systems "" cannot happen without a significant shift in human consciousness.",Václav Havel,https://en.wikiquote.org/wiki/Václav_Havel
Anyone who takes himself too seriously always runs the risk of looking ridiculous; anyone who can consistently laugh at himself does not.,Václav Havel,https://en.wikiquote.org/wiki/Václav_Havel
I think theatre should always be somewhat suspect.,Václav Havel,https://en.wikiquote.org/wiki/Václav_Havel
"Modern man must descend the spiral of his own absurdity to the lowest point; only then can he look beyond it. It is obviously impossible to get around it, jump over it, or simply avoid it.",Václav Havel,https://en.wikiquote.org/wiki/Václav_Havel
The role of the writer is not simply to arrange Being according to his own lights; he must also serve as a medium to Being and remain open to its often unfathomable dictates. This is the only way the work can transcend its creator and radiate its meaning further than the author himself can see or perceive.,Václav Havel,https://en.wikiquote.org/wiki/Václav_Havel
"The truth is not simply what you think it is; it is also the circumstances in which it is said, and to whom, why, and how it is said.",Václav Havel,https://en.wikiquote.org/wiki/Václav_Havel
"The real test of a man is not how well he plays the role he has invented for himself, but how well he plays the role that destiny assigned to him.",Václav Havel,https://en.wikiquote.org/wiki/Václav_Havel
"None of us know all the potentialities that slumber in the spirit of the population, or all the ways in which that population can surprise us when there is the right interplay of events.",Václav Havel,https://en.wikiquote.org/wiki/Václav_Havel
"We introduced a new model of behavior : don't get involved in diffuse general ideological polemics with the center, to whom numerous concrete causes are always being sacrificed; fight ""only"" for those concrete causes, and be prepared to fight for them unswervingly, to the end. In other words, don't get mixed up in backroom wheeling and dealing, but play an open game.",Václav Havel,https://en.wikiquote.org/wiki/Václav_Havel
"The attempt to devote oneself to literature alone is a most deceptive thing, and … often, paradoxically, it is literature that suffers for it.",Václav Havel,https://en.wikiquote.org/wiki/Václav_Havel
"Twenty or thirty years ago, in the army, we had a lot of obscure adventures, and years later we tell them at parties, and suddenly we realize that those two very difficult years of our lives have become lumped together into a few episodes that have lodged in our memory in a standardized form, and are always told in a standardized way, in the same words. But in fact that lump of memories has nothing whatsoever to do with our experience of those two years in the army and what it has made of us.",Václav Havel,https://en.wikiquote.org/wiki/Václav_Havel
"Hope is definitely not the same thing as optimism . It is not the conviction that something will turn out well, but the certainty that something makes sense, regardless of how it turns out.",Václav Havel,https://en.wikiquote.org/wiki/Václav_Havel
"Every concession gives rise to further concessions, we cannot back down, because behind us there is only an abyss, we must keep our promises and demand that they be kept.",Václav Havel,https://en.wikiquote.org/wiki/Václav_Havel
"Sober perseverance is more effective than enthusiastic emotions , which are all too capable of being transferred, with little difficulty, to something different each day.",Václav Havel,https://en.wikiquote.org/wiki/Václav_Havel
A human action becomes genuinely important when it springs from the soil of a clearsighted awareness of the temporality and the ephemerality of everything human. It is only this awareness that can breathe any greatness into an action.,Václav Havel,https://en.wikiquote.org/wiki/Václav_Havel
"Without the constantly living and articulated experience of absurdity, there would be no reason to attempt to do something meaningful. And on the contrary, how can one experience one's own absurdity if one is not constantly seeking meaning?",Václav Havel,https://en.wikiquote.org/wiki/Václav_Havel
Drama assumes an order. If only so that it might have — by disrupting that order — a way of surprising.,Václav Havel,https://en.wikiquote.org/wiki/Václav_Havel
Sometimes I wonder if suicides aren't in fact sad guardians of the meaning of life .,Václav Havel,https://en.wikiquote.org/wiki/Václav_Havel
"The cliché organizes life; it expropriates people's identity; it becomes ruler, defense lawyer, judge, and the law.",Václav Havel,https://en.wikiquote.org/wiki/Václav_Havel
"The deeper the experience of an absence of meaning — in other words, of absurdity — the more energetically meaning is sought.",Václav Havel,https://en.wikiquote.org/wiki/Václav_Havel
"The exercise of power is determined by thousands of interactions between the world of the powerful and that of the powerless, all the more so because these worlds are never divided by a sharp line: everyone has a small part of himself in both.",Václav Havel,https://en.wikiquote.org/wiki/Václav_Havel
There's always something suspicious about an intellectual on the winning side.,Václav Havel,https://en.wikiquote.org/wiki/Václav_Havel
"There is only one Art , whose sole criterion is the power , the authenticity , the revelatory insight, the courage and suggestiveness with which it seeks its truth. … Thus, from the standpoint of the work and its worth it is irrelevant to which political ideas the artist as a citizen claims allegiance, which ideas he would like to serve with his work or whether he holds any such ideas at all.",Václav Havel,https://en.wikiquote.org/wiki/Václav_Havel
"Without free, self-respecting, and autonomous citizens there can be no free and independent nations . Without internal peace, that is, peace among citizens and between the citizens and the state, there can be no guarantee of external peace.",Václav Havel,https://en.wikiquote.org/wiki/Václav_Havel
"A state that denies its citizens their basic rights becomes a danger to its neighbors as well: internal arbitrary rule will be reflected in arbitrary external relations. The suppression of public opinion, the abolition of public competition for power and its public exercise opens the way for the state power to arm itself in any way it sees fit.... A state that does not hesitate to lie to its own people will not hesitate to lie to other states.",Václav Havel,https://en.wikiquote.org/wiki/Václav_Havel
"The dissident does not operate in the realm of genuine power at all. He is not seeking power. He has no desire for office and does not gather votes. He does not attempt to charm the public, he offers nothing and promises nothing. He can offer, if anything, only his own skin — and he offers it solely because he has no other way of affirming the truth he stands for. His actions simply articulate his dignity as a citizen, regardless of the cost.",Václav Havel,https://en.wikiquote.org/wiki/Václav_Havel
"Human beings are compelled to live within a lie, but they can be compelled to do so only because they are in fact capable of living in this way. Therefore not only does the system alienate humanity, but at the same time alienated humanity supports this system as its own involuntary masterplan, as a degenerate image of its own degeneration, as a record of people's own failure as individuals.",Václav Havel,https://en.wikiquote.org/wiki/Václav_Havel
"People who live in the post-totalitarian system know only too well that the question of whether one or several political parties are in power, and how these parties define and label themselves, is of far less importance than the question of whether or not it is possible to live like a human being.",Václav Havel,https://en.wikiquote.org/wiki/Václav_Havel
"You do not become a "" dissident "" just because you decide one day to take up this most unusual career. You are thrown into it by your personal sense of responsibility, combined with a complex set of external circumstances. You are cast out of the existing structures and placed in a position of conflict with them. It begins as an attempt to do your work well, and ends with being branded an enemy of society.",Václav Havel,https://en.wikiquote.org/wiki/Václav_Havel
"There are times when we must sink to the bottom of our misery to understand truth, just as we must descend to the bottom of a well to see the stars in broad daylight.",Václav Havel,https://en.wikiquote.org/wiki/Václav_Havel
"The law is only one of several imperfect and more or less external ways of defending what is better in life against what is worse. By itself, the law can never create anything better... Establishing respect for the law does not automatically ensure a better life for that, after all, is a job for people and not for laws and institutions.",Václav Havel,https://en.wikiquote.org/wiki/Václav_Havel
"My dear fellow citizens, For forty years you heard from my predecessors on this day different variations on the same theme: how our country was flourishing, how many million tons of steel we produced, how happy we all were, how we trusted our government, and what bright perspectives were unfolding in front of us. I assume you did not propose me for this office so that I, too, would lie to you.",Václav Havel,https://en.wikiquote.org/wiki/Václav_Havel
"Our country is not flourishing. The enormous creative and spiritual potential of our nations is not being used sensibly. Entire branches of industry are producing goods that are of no interest to anyone, while we are lacking the things we need. A state which calls itself a workers' state humiliates and exploits workers. Our obsolete economy is wasting the little energy we have available.",Václav Havel,https://en.wikiquote.org/wiki/Václav_Havel
"The previous regime — armed with its arrogant and intolerant ideology — reduced man to a force of production , and nature to a tool of production. In this it attacked both their very substance and their mutual relationship. It reduced gifted and autonomous people, skillfully working in their own country, to the nuts and bolts of some monstrously huge, noisy and stinking machine, whose real meaning was not clear to anyone.",Václav Havel,https://en.wikiquote.org/wiki/Václav_Havel
"We had all become used to the totalitarian system and accepted it as an unchangeable fact and thus helped to perpetuate it. In other words, we are all — though naturally to differing extents — responsible for the operation of the totalitarian machinery. None of us is just its victim. We are all also its co-creators.",Václav Havel,https://en.wikiquote.org/wiki/Václav_Havel
"Those who rebelled against totalitarian rule and those who simply managed to remain themselves and think freely, were all persecuted. We should not forget any of those who paid for our present freedom in one way or another.",Václav Havel,https://en.wikiquote.org/wiki/Václav_Havel
"Self-confidence is not pride . Just the contrary: only a person or a nation that is self-confident, in the best sense of the word, is capable of listening to others, accepting them as equals, forgiving its enemies and regretting its own guilt.",Václav Havel,https://en.wikiquote.org/wiki/Václav_Havel
"Our country, if that is what we want, can now permanently radiate love, understanding, the power of the spirit and of ideas . It is precisely this glow that we can offer as our specific contribution to international politics.",Václav Havel,https://en.wikiquote.org/wiki/Václav_Havel
Let us teach ourselves and others that politics should be an expression of a desire to contribute to the happiness of the community rather than of a need to cheat or rape the community.,Václav Havel,https://en.wikiquote.org/wiki/Václav_Havel
"You may ask what kind of republic I dream of. Let me reply: I dream of a republic independent, free, and democratic, of a republic economically prosperous and yet socially just; in short, of a humane republic that serves the individual and that therefore holds the hope that the individual will serve it in turn. Of a republic of well-rounded people, because without such people it is impossible to solve any of our problems — human, economic, ecological, social, or political.",Václav Havel,https://en.wikiquote.org/wiki/Václav_Havel
"People, your government has returned to you!",Václav Havel,https://en.wikiquote.org/wiki/Václav_Havel
"There used to be a time when this country's president could have delivered the same New Year's Address he had given a year before, and nobody would have noticed. Fortunately, that time has passed.",Václav Havel,https://en.wikiquote.org/wiki/Václav_Havel
"It has become clear that the legacy of the past decades we have to cope with is even worse than we anticipated or could anticipate in the joyful atmosphere of those first weeks of freedom. New problems are emerging day by day, and we can see how interconnected they are, how long it takes to solve them, and how difficult it is to establish priorities.",Václav Havel,https://en.wikiquote.org/wiki/Václav_Havel
"We have discovered that what a year ago seemed to be a neglected house is essentially a ruin. This is not a pleasant fact, and it is not surprising that all of us are rather annoyed and disappointed about it.",Václav Havel,https://en.wikiquote.org/wiki/Václav_Havel
"I think that it is my duty today to remind you as well of the good things that have happened, accomplishments that a year ago we could scarcely have imagined.",Václav Havel,https://en.wikiquote.org/wiki/Václav_Havel
"Full freedom of speech and expression prevails in our country, and freedom of assembly and association is guaranteed.",Václav Havel,https://en.wikiquote.org/wiki/Václav_Havel
"I know we have still done very little, and that the main tasks still lie ahead of us. I would say that we have just completed a year of preparation in which the conditions for a new environment have been created.",Václav Havel,https://en.wikiquote.org/wiki/Václav_Havel
"I appeal to all pupils, students and young people, asking you to focus on the horizons that are opening up for you, and which you could only dream of a year ago. Our future will depend on your desire for education and moral values as well as on your entrepreneurial spirit.",Václav Havel,https://en.wikiquote.org/wiki/Václav_Havel
"I also appeal to those who have already done most of their work for society. I hope that the changes you awaited or worked for for so long will bring joy and satisfaction into your lives. We need your experience, your wisdom and your love.",Václav Havel,https://en.wikiquote.org/wiki/Václav_Havel
"Many people hardly ever see a politician as a person anymore. Instead, a politician is a shadow they watch on television , not knowing whether he is speaking impromptu or reading a text written for him by anonymous advisers or experts from a screen hidden behind the cameras. Citizens no longer perceive their politician as a living human being, for they never have and will never see him that way. They see only his image, created for them by TV, radio and newspaper commentators.",Václav Havel,https://en.wikiquote.org/wiki/Václav_Havel
"It also happens, rather often, that politicians do not actually talk to each other but only to one another's shadows as they appear in the media .",Václav Havel,https://en.wikiquote.org/wiki/Václav_Havel
"I have had direct experience of this myself. Often, what the press wrote, or did not write, about a remark I made somewhere proved to be of a far greater consequence than the remark itself. Democratic choice in such cases ceases to be a choice between alternatives people are familiar with, and have personally tried, and becomes a choice between alternatives offered by those who run the media.",Václav Havel,https://en.wikiquote.org/wiki/Václav_Havel
"An ordinary human being, with a personal conscience, personally answering for something to somebody and personally and directly taking responsibility, seems to be receding farther and farther from the realm of politics. Politicians seem to turn into puppets that only look human and move in a giant, rather inhuman theatre; they appear to become merely cogs in a huge machine, objects of a major civilizational automatism which has gotten out of control and for which nobody is responsible.",Václav Havel,https://en.wikiquote.org/wiki/Václav_Havel
"I think there are good reasons for suggesting that the modern age has ended. Today, many things indicate that we are going thorough a transitional period, when it seems that something is on the way out and something else is painfully being born. It is as if something were crumbling, decaying, and exhausting itself, while something else, still indistinct, were arising from the rubble.",Václav Havel,https://en.wikiquote.org/wiki/Václav_Havel
"An amalgamation of cultures is taking place. I see it as proof that something is happening, something is being born, that we are in a phase when one age is succeeding another, when everything is possible. Yes, everything is possible, because our civilization does not have its own unified style, its own spirit, its own aesthetic.",Václav Havel,https://en.wikiquote.org/wiki/Václav_Havel
"Classical modern science described only the surface of things, a single dimension of reality. And the more dogmatically science treated it as the only dimension, as the very essence of reality, the more misleading it became. Today, for instance, we may know immeasurably more about the universe than our ancestors did, and yet, it increasingly seems they knew something more essential about it than we do, something that escapes us.",Václav Havel,https://en.wikiquote.org/wiki/Václav_Havel
"There appear to be no integrating forces, no unified meaning, no true inner understanding of phenomena in our experience of the world. Experts can explain anything in the objective world to us, yet we understand our own lives less and less. In short, we live in the postmodern world, where everything is possible and almost nothing is certain.",Václav Havel,https://en.wikiquote.org/wiki/Václav_Havel
"Cultural conflicts are increasing and are understandably more dangerous today than at any other time in history. The end of the era of rationalism has been catastrophic. Armed with the same supermodern weapons, often from the same suppliers, and followed by television cameras, the members of various tribal cults are at war with one another.",Václav Havel,https://en.wikiquote.org/wiki/Václav_Havel
"It is clearly necessary to invent organizational structures appropriate to the present multicultural age. But such efforts are doomed to failure if they do not grow out of something deeper, out of generally held values.",Václav Havel,https://en.wikiquote.org/wiki/Václav_Havel
"I am referring to respect for the unique human being and his or her liberties and inalienable rights and to the principle that all power derives from the people. I am, in short, referring to the fundamental ideas of modern democracy. What I am about to say may sound provocative, but I feel more and more strongly that even these ideas are not enough, that we must go farther and deeper.",Václav Havel,https://en.wikiquote.org/wiki/Václav_Havel
"Modern anthropocentrism inevitably meant that He who allegedly endowed man with his inalienable rights began to disappear from the world: He was so far beyond the grasp of modern science that he was gradually pushed into a sphere of privacy of sorts, if not directly into a sphere of private fancy — that is, to a place where public obligations no longer apply. The existence of a higher authority than man himself simply began to get in the way of human aspirations.",Václav Havel,https://en.wikiquote.org/wiki/Václav_Havel
"The idea of human rights and freedoms must be an integral part of any meaningful world order. Yet, I think it must be anchored in a different place, and in a different way, than has been the case so far. If it is to be more than just a slogan mocked by half the world, it cannot be expressed in the language of a departing era, and it must not be mere froth floating on the subsiding waters of faith in a purely scientific relationship to the world.",Václav Havel,https://en.wikiquote.org/wiki/Václav_Havel
"I think the Anthropic Cosmological Principle brings to us an idea perhaps as old as humanity itself: that we are not at all just an accidental anomaly, the microscopic caprice of a tiny particle whirling in the endless depth of the universe. Instead, we are mysteriously connected to the entire universe, we are mirrored in it, just as the entire evolution of the universe is mirrored in us.",Václav Havel,https://en.wikiquote.org/wiki/Václav_Havel
"It logically follows that, in today's multicultural world, the truly reliable path to coexistence, to peaceful coexistence and creative cooperation, must start from what is at the root of all cultures and what lies infinitely deeper in human hearts and minds than political opinion, convictions, antipathies, or sympathies — it must be rooted in self-transcendence :",Václav Havel,https://en.wikiquote.org/wiki/Václav_Havel
The Declaration of Independence states that the Creator gave man the right to liberty. It seems man can realize that liberty only if he does not forget the One who endowed him with it.,Václav Havel,https://en.wikiquote.org/wiki/Václav_Havel
"In late 1989, the profound transformation that took place in this country brought me here to Prague Castle. It all happened so suddenly that I did not even have time to properly consider whether or not I was up to the task, and I was sincerely of the opinion that I would just take it on for a few months until the first free elections. Clearly, things turned out quite differently: I have now been here for more than thirteen years, if we discount the short break in the latter half of 1992.",Václav Havel,https://en.wikiquote.org/wiki/Václav_Havel
"One has to greatly admire the patience with which our society has come to terms with all the challenges of these dramatic times, the extent of which few of us could have anticipated in those heady, revolutionary days.",Václav Havel,https://en.wikiquote.org/wiki/Václav_Havel
"My dear friends, I bid you farewell as your President. I remain with you as your fellow citizen!",Václav Havel,https://en.wikiquote.org/wiki/Václav_Havel
"Amid the turbulence of modern Europe , his voice was the most consistent and compelling — endlessly searching for the best in himself and in each of us.",Václav Havel,https://en.wikiquote.org/wiki/Václav_Havel
"He was a true European and has been a champion of democracy and liberty throughout his life … He was also a source of great inspiration to all those who fight for freedom and democracy around the world. The man has died but the legacy of his poems, plays and above all his ideas and personal example will remain alive for many generations to come.",Václav Havel,https://en.wikiquote.org/wiki/Václav_Havel
Vaclav Havel was one of the greatest Europeans of our age. His voice for freedom paved way for a Europe whole and free.,Václav Havel,https://en.wikiquote.org/wiki/Václav_Havel
"Barbara and I join in mourning the death of Vaclav Havel, a gentle soul whose fierce devotion to the rights of man helped his countrymen cast aside the chains of tyranny and claim their rightful place among the free nations of world. … His personal courage throughout that twilight struggle inspired millions around the world, including those of us who worked with him during a historic period of transformation for Europe.",Václav Havel,https://en.wikiquote.org/wiki/Václav_Havel
"The most subversive act of the playwright from Prague was telling the truth about tyranny. And when that truth finally triumphed, the people elected this dignified, charming, humble, determined man to lead their country. Unintimidated by threats, unchanged by political power, Vaclav Havel suffered much in the cause of freedom and became one of its greatest heroes.",Václav Havel,https://en.wikiquote.org/wiki/Václav_Havel
Vaclav Havel is the figure that represents the Velvet Revolution and the reunification of Europe . He will be sorely missed.,Václav Havel,https://en.wikiquote.org/wiki/Václav_Havel
No one of my generation will ever forget those powerful scenes from Wenceslas Square two decades ago. Havel led the Czech people out of tyranny. And he helped bring freedom and democracy to our entire continent. Europe owes Vaclav Havel a profound debt. Today his voice has fallen silent. But his example and the cause to which he devoted his life will live on.,Václav Havel,https://en.wikiquote.org/wiki/Václav_Havel
Mr. Havel’s plays... went “the deepest into the hypocrisy and pomposity of the Communist regime” and in doing so “crossed the world of just theater and became a symbol of free thinking.”,Václav Havel,https://en.wikiquote.org/wiki/Václav_Havel
His dedication to freedom and democracy is as unforgotten as his great humanity … We Germans also have much to thank him for.,Václav Havel,https://en.wikiquote.org/wiki/Václav_Havel
Havel was a brave and powerful voice against totalitarianism and an inspiration for dissidents everywhere struggling for freedom.,Václav Havel,https://en.wikiquote.org/wiki/Václav_Havel
He will be remembered as a hero to the people of the Czech Republic and to lovers of freedom around the world.,Václav Havel,https://en.wikiquote.org/wiki/Václav_Havel
"With the death of Vaclav Havel, the Czech republic has lost one of its great patriots, France has lost a friend, and Europe has lost one of its wise men.",Václav Havel,https://en.wikiquote.org/wiki/Václav_Havel
"A great fighter for the freedom of nations and for democracy has died … His outstanding voice of wisdom will be missed in Europe, which is going through a serious crisis. I am praying for the peace of his soul.",Václav Havel,https://en.wikiquote.org/wiki/Václav_Havel
"Havel … invokes … ""higher law"" when he claims that ""human rights, human freedoms . . . and human dignity have their deepest roots somewhere outside the perceptible world …while the state is a human creation, human beings are the creation of God."" He seems to be saying that NATO forces were allowed to violate international law because they acted as direct instruments of the ""higher law"" of God — a clear-cut case of religious fundamentalism .",Václav Havel,https://en.wikiquote.org/wiki/Václav_Havel
Profile at the U.S. Medal of Freedom,Václav Havel,https://en.wikiquote.org/wiki/Václav_Havel
Ambassador of Conscience at Amnesty International,Václav Havel,https://en.wikiquote.org/wiki/Václav_Havel
The Need for Transcendence in the Postmodern World (4 July 1994),Václav Havel,https://en.wikiquote.org/wiki/Václav_Havel
"""Havel, his memories and the world"" - International Herald Tribune (21 October 2004)",Václav Havel,https://en.wikiquote.org/wiki/Václav_Havel
"""Velvet President"" in Reason (May 2003)",Václav Havel,https://en.wikiquote.org/wiki/Václav_Havel
"""Václav Havel: Heir to a Spiritual Legacy"" by Richard L. Stanger",Václav Havel,https://en.wikiquote.org/wiki/Václav_Havel
